Time (UTC),T2(Model),Temp(Obs),Obs-Model,WD(Model),WD(Obs),Obs-Model,WS(Model),WS(Obs),Obs-Model,SWDown(Model), SWLower,Obs-Model,SWUpper
03-11-2020  09,30.50861,29.04208,-1.46653,,300.8528,,1.7576,3.075986,1.318386,0,87.6,87.6,564.6
03-11-2020  10,30.16214,28.81444,-1.3477,,308.1389,,4.75277,4.513278,-0.239492,380.6611,75.14,-305.5211,452.3
03-11-2020  11,29.53625,28.72625,-0.81,,321.0125,,3.71238,3.98325,0.27087,174.24031,52.56,-121.68031,284.7
03-11-2020  12,28.43674,27.9008,-0.53594,,320.152,,3.51142,2.345093,-1.166327,6.66098,19.56,12.89902,74.82
03-11-2020  13,27.5932,26.85611,-0.73709,,152.7611,,1.84325,2.113319,0.270069,0,9.13,9.13,8.84
03-11-2020  14,27.33969,25.19833,-2.14136,,74.14445,,1.27312,1.242681,-0.030439,0,6.859,6.859,0.391
03-11-2020  15,26.62164,23.41666,-3.20498,,95.53472,,1.3503,1.156375,-0.193925,0,6.314,6.314,-0.107
03-11-2020  16,24.80341,22.30875,-2.49466,,123.4486,,0.76587,0.6311389,-0.1347311,0,5.956,5.956,-0.285
03-11-2020  17,23.91818,21.60583,-2.31235,,117.7167,,1.10544,0.789361,-0.316079,0,5.695,5.695,0.005
03-11-2020  18,22.74713,21.13111,-1.61602,,118.8292,,1.46407,0.8948611,-0.5692089,0,5.506,5.506,0.501
03-11-2020  19,22.15131,19.69875,-2.45256,,202.4639,,1.37688,0.3651389,-1.0117411,0,5.407,5.407,-0.287
03-11-2020  20,21.51489,19.14083,-2.37406,,261.5792,,1.33063,0.8027361,-0.5278939,0,5.527,5.527,-0.069
03-11-2020  21,20.93997,18.85667,-2.0833,,254.8403,,1.81555,1.069625,-0.745925,0,5.119,5.119,-1.168
03-11-2020  22,20.23618,18.7268,-1.50938,,242.7805,,1.10774,0.9132222,-0.1945178,0,5.06,5.06,-1.251
03-11-2020  23,20.04318,17.81389,-2.22929,,268.3028,,1.06935,0.821736,-0.247614,0,5.205,5.205,-0.722
04-11-2020  00,19.62775,17.4918,-2.13595,,292.2958,,1.34306,1.372222,0.029162,0,4.94,4.94,-1.185
04-11-2020  01,19.29486,17.09472,-2.20014,,277.3208,,2.19742,1.899972,-0.297448,0,4.671,4.671,-2.349
04-11-2020  02,19.27759,16.64583,-2.63176,,270.8556,,2.16115,1.840069,-0.321081,85.06384,5.273,-79.79084,2.052
04-11-2020  03,20.41962,16.46236,-3.95726,,273.0028,,2.51256,1.499417,-1.013143,268.72241,13.02,-255.70241,61.67
04-11-2020  04,22.5556,17.69889,-4.85671,,280.375,,2.3589,1.746417,-0.612483,445.76257,27.39,-418.37257,187.8
04-11-2020  05,25.38272,20.55208,-4.83064,,266.2347,,2.09985,1.270611,-0.829239,585.67719,37.86,-547.81719,295.4
04-11-2020  06,27.91275,21.9993,-5.91345,,294.475,,2.58609,2.141472,-0.444618,667.64038,64.34,-603.30038,371.4
04-11-2020  07,30.06705,23.16639,-6.90066,,293.7417,,3.08167,2.156097,-0.925573,681.65686,64.94,-616.71686,345.8
04-11-2020  08,30.58411,23.99236,-6.59175,,288.4736,,5.5937,2.362292,-3.231408,626.92694,59.96,-566.96694,305.1
04-11-2020  09,30.87878,25.26944,-5.60934,337.50146,296.5097,-40.99176,2.88838,2.279861,-0.608519,0,65.93,65.93,359.6
04-11-2020  10,30.65475,26.58014,-4.07461,323.95987,286.3917,-37.56817,3.97121,2.576097,-1.395113,330.8735,59.04,-271.8335,326.5
04-11-2020  11,30.03192,27.19847,-2.83345,324.3812,290.4903,-33.8909,3.69868,2.281111,-1.417569,140.50603,39.01,-101.49603,199.6
04-11-2020  12,28.84299,26.72302,-2.11997,344.67102,281.175,-63.49602,3.42045,2.081031,-1.339419,4.65564,14.72,10.06436,51.3
04-11-2020  13,27.93326,25.72194,-2.21132,327.01538,276.6153,-50.40008,1.86304,1.579764,-0.283276,0,7.869,7.869,6.349
04-11-2020  14,27.2186,24.03514,-3.18346,313.22272,288.5472,-24.67552,1.54133,0.9981389,-0.5431911,0,6.409,6.409,-0.928
04-11-2020  15,26.88025,23.14861,-3.73164,304.19135,244.3111,-59.88025,1.42865,0.711625,-0.717025,0,6.164,6.164,0.908
04-11-2020  16,26.22037,22.56611,-3.65426,288.35144,231.8792,-56.47224,1.40165,0.5836944,-0.8179556,0,4.857,4.857,-0.146
04-11-2020  17,24.60104,21.2593,-3.34174,237.91191,198.7764,-39.13551,1.52505,0.3634305,-1.1616195,0,4.689,4.689,0.423
04-11-2020  18,23.5632,20.74722,-2.81598,247.37379,230.7153,-16.65849,1.65713,0.7235694,-0.9335606,0,4.16,4.16,0.38
04-11-2020  19,22.89639,19.25972,-3.63667,247.40636,183.9236,-63.48276,1.5374,0.1634028,-1.3739972,0,4.344,4.344,-0.28
04-11-2020  20,22.09796,18.99528,-3.10268,251.78697,87.93194,-163.85503,1.48854,0.3914166,-1.0971234,0,4.33,4.33,-0.186
04-11-2020  21,21.32962,18.52361,-2.80601,243.94852,277.1778,33.22928,1.39208,0.4869167,-0.9051633,0,4.643,4.643,-0.153
04-11-2020  22,20.72595,18.1368,-2.58915,243.78189,288.3181,44.53621,1.56896,0.7057778,-0.8631822,0,4.492,4.492,0.134
04-11-2020  23,20.28094,17.39764,-2.8833,243.24075,286.4556,43.21485,1.32001,0.9086527,-0.4113573,0,5.136,5.136,-0.387
05-11-2020  00,20.10135,17.09389,-3.00746,246.95265,294.7583,47.80565,1.5386,0.7849306,-0.7536694,0,4.746,4.746,-0.471
05-11-2020  01,19.85065,16.53556,-3.31509,250.90973,243.4889,-7.42083,1.53212,0.4918055,-1.0403145,0,5.274,5.274,-0.424
05-11-2020  02,19.4382,16.27625,-3.16195,253.03636,290.2903,37.25394,0.51733,0.8491944,0.3318644,78.28387,5.945,-72.33887,3.542
05-11-2020  03,21.57196,17.06986,-4.5021,251.84332,281.1333,29.28998,0.52436,1.14382,0.61946,259.92606,13.74,-246.18606,67
05-11-2020  04,25.30093,18.66611,-6.63482,261.87115,286.075,24.20385,1.8824,1.256569,-0.625831,442.56815,27.71,-414.85815,208.6
05-11-2020  05,27.57437,21.0743,-6.50007,269.74423,270.5764,0.83217,1.71889,2.07625,0.35736,592.66663,51.71,-540.95663,366.1
05-11-2020  06,29.69315,23.42458,-6.26857,277.17126,272.4556,-4.71566,2.39916,2.3375,-0.06166,679.86139,82.9,-596.96139,484.2
05-11-2020  07,30.87003,25.72931,-5.14072,271.80103,279.35,7.54897,2.93447,2.473028,-0.461442,692.91223,92,-600.91223,539.4
05-11-2020  08,31.77731,27.40861,-4.3687,128.07767,284.0083,155.93063,0.07644,2.288708,2.212268,635.26202,87.3,-547.96202,483.8
05-11-2020  09,31.08926,28.56958,-2.51968,322.41559,301.0806,-21.33499,2.24957,1.961833,-0.287737,0,80,80,440.3
05-11-2020  10,30.9574,29.375,-1.5824,334.91089,311.3931,-23.51779,3.11073,2.614194,-0.496536,341.81467,69.89,-271.92467,380.6
05-11-2020  11,30.31125,29.34056,-0.97069,351.25439,316.9403,-34.31409,3.34126,2.229125,-1.112135,150.38049,43.36,-107.02049,210.8
05-11-2020  12,29.21909,28.72291,-0.49618,319.32928,313.6986,-5.63068,2.84129,1.554347,-1.286943,4.43986,21.94,17.50014,87.6
05-11-2020  13,27.98209,27.41708,-0.56501,342.73566,312.2347,-30.50096,1.65065,1.203014,-0.447636,0,8.21,8.21,7.956
05-11-2020  14,27.54526,25.38375,-2.16151,24.36185,99.375,75.01315,1.37928,0.8079583,-0.5713217,0,6.112,6.112,0.435
05-11-2020  15,26.86868,24.33028,-2.5384,41.96025,130.6472,88.68695,1.44387,0.7595694,-0.6843006,0,5.142,5.142,0.083
05-11-2020  16,26.16095,23.33472,-2.82623,30.50696,144.9264,114.41944,1.38906,0.4988055,-0.8902545,0,5.037,5.037,0.686
05-11-2020  17,25.4303,21.53543,-3.89487,352.93005,144.8307,-208.09935,1.23666,0.5232284,-0.7134316,0,5.233,5.233,-0.032
05-11-2020  18,24.39862,20.7525,-3.64612,311.27829,159.3153,-151.96299,1.00508,0.3643472,-0.6407328,0,4.627,4.627,0.197
05-11-2020  19,23.86502,19.50125,-4.36377,288.30606,200.9722,-87.33386,1.05911,0.4815138,-0.5775962,0,3.997,3.997,1.166
05-11-2020  20,23.41019,18.98333,-4.42686,288.21951,224.75,-63.46951,1.14585,0.4053472,-0.7405028,0,4.501,4.501,0.385
05-11-2020  21,22.41553,18.825,-3.59053,268.24542,252.2736,-15.97182,1.08475,0.6986945,-0.3860555,0,4.237,4.237,0.038
05-11-2020  22,21.29044,18.74875,-2.54169,259.20361,282.425,23.22139,1.02815,1.258653,0.230503,0,4.706,4.706,-1.709
05-11-2020  23,20.87534,18.15805,-2.71729,258.46329,275.5722,17.10891,0.96916,1.096667,0.127507,0,4.671,4.671,-1.244
06-11-2020  00,20.56403,17.61847,-2.94556,279.37897,277.8792,-1.49977,1.3454,0.8374722,-0.5079278,0,4.453,4.453,-0.223
06-11-2020  01,20.10153,17.73875,-2.36278,264.50778,275.6764,11.16862,1.5074,1.083347,-0.424053,0,4.158,4.158,-0.379
06-11-2020  02,20.20621,17.46458,-2.74163,263.60931,275.882,12.27269,1.42273,0.7500416,-0.6726884,78.09682,4.561,-73.53582,3.728
06-11-2020  03,22.18427,17.39694,-4.78733,261.60443,281.8944,20.28997,1.32528,0.976625,-0.348655,255.29059,12.16,-243.13059,49.7
06-11-2020  04,24.51514,18.83958,-5.67556,272.24039,281.9528,9.71241,1.72665,1.240361,-0.486289,434.83038,25.94,-408.89038,159.3
06-11-2020  05,27.33322,20.83097,-6.50225,292.59369,284.825,-7.76869,0.74378,1.7765,1.03272,580.42926,42.16,-538.26926,275.5
06-11-2020  06,29.48306,23.05583,-6.42723,279.23364,272.9958,-6.23784,0.64763,1.872264,1.224634,666.97754,71.24,-595.73754,378.1
06-11-2020  07,30.75534,24.88667,-5.86867,289.94455,285.0583,-4.88625,1.32443,2.267111,0.942681,673.18579,83.5,-589.68579,450.4
06-11-2020  08,31.86642,26.75153,-5.11489,303.5192,305.7542,2.235,5.43262,1.948097,-3.484523,602.27094,86.9,-515.37094,479.7
06-11-2020  09,31.31308,28.24208,-3.071,315.28503,301.1208,-14.16423,2.56376,2.066806,-0.496954,0,77.85,77.85,421.4
06-11-2020  10,30.52579,28.90667,-1.61912,328.96707,311.8181,-17.14897,6.28931,2.410194,-3.879116,311.89191,65.33,-246.56191,341.2
06-11-2020  11,30.16272,29.38556,-0.77716,316.96719,325.2486,8.28141,4.57141,2.241917,-2.329493,132.96024,44.96,-88.00024,220.9
06-11-2020  12,28.99911,28.70417,-0.29494,299.27606,318.9417,19.66564,2.69543,1.504486,-1.190944,3.28172,20.66,17.37828,81.2
06-11-2020  13,28.04883,27.14236,-0.90647,314.43188,291.2195,-23.21238,1.91191,1.494736,-0.417174,0,7.566,7.566,6.568
06-11-2020  14,27.3967,25.35653,-2.04017,347.35962,283.5625,-63.79712,1.23168,1.180445,-0.051235,0,6.324,6.324,0.046
06-11-2020  15,27.08142,23.67972,-3.4017,58.17564,267.7375,209.56186,0.64575,0.645875,0.000125,0,5.18,5.18,0.591
06-11-2020  16,26.16043,22.62305,-3.53738,5.96933,279.6903,273.72097,0.80227,0.556875,-0.245395,0,4.39,4.39,1.336
06-11-2020  17,25.52496,22.06292,-3.46204,265.59259,150.5847,-115.00789,0.90483,0.5593472,-0.3454828,0,4.773,4.773,0.154
06-11-2020  18,24.70905,21.5925,-3.11655,278.05728,174.0208,-104.03648,1.34255,0.4247916,-0.9177584,0,4.469,4.469,-0.466
06-11-2020  19,23.22238,21.59528,-1.6271,227.5181,222.4306,-5.0875,1.07441,0.7153333,-0.3590767,0,4.666,4.666,-0.085
06-11-2020  20,22.37067,20.74819,-1.62248,245.32812,274.0083,28.68018,1.15604,0.9204583,-0.2355817,0,3.206,3.206,1.1
06-11-2020  21,21.90952,19.56375,-2.34577,218.15404,259.0486,40.89456,1.22389,0.7660278,-0.4578622,0,4.738,4.738,-0.215
06-11-2020  22,20.91074,18.46416,-2.44658,217.47372,268.6361,51.16238,1.56597,0.6715278,-0.8944422,0,4.786,4.786,0.049
06-11-2020  23,20.48929,18.19486,-2.29443,229.58134,271.1847,41.60336,1.43317,0.9750694,-0.4581006,0,4.333,4.333,-0.764
07-11-2020  00,20.15665,17.93347,-2.22318,215.98363,268.8889,52.90527,1.27946,1.243764,-0.035696,0,4.47,4.47,-2.066
07-11-2020  01,20.00674,17.31,-2.69674,222.74496,280.9222,58.17724,1.43704,1.414333,-0.022707,0,4.495,4.495,-2.108
07-11-2020  02,20.24591,16.91347,-3.33244,252.67851,273.9208,21.24229,1.83488,1.500514,-0.334366,76.99413,5.037,-71.95713,0.899
07-11-2020  03,21.51834,16.97111,-4.54723,269.26788,275.7805,6.51262,2.41402,1.664944,-0.749076,261.73303,13.22,-248.51303,58.07
07-11-2020  04,23.5083,17.78319,-5.72511,269.0918,294.7903,25.6985,1.78033,1.568806,-0.211524,447.90216,28.53,-419.37216,181.3
07-11-2020  05,26.10239,19.73778,-6.36461,287.70267,293.0792,5.37653,1.44078,2.182111,0.741331,594.3811,48.78,-545.6011,324.7
07-11-2020  06,28.34592,22.83333,-5.51259,293.185,306.4181,13.2331,1.78415,1.952805,0.168655,674.88055,78.64,-596.24055,446.9
07-11-2020  07,30.21198,25.28417,-4.92781,323.63031,318.5667,-5.06361,2.90882,2.773667,-0.135153,684.97699,90.2,-594.77699,514.4
07-11-2020  08,30.83002,26.70694,-4.12308,295.17145,315.1555,19.98405,5.35214,3.330181,-2.021959,630.34076,90.8,-539.54076,509.5
07-11-2020  09,30.91922,27.73805,-3.18117,312.94012,327.993,15.05288,3.43968,3.531069,0.091389,0,84.3,84.3,468.2
07-11-2020  10,30.52515,28.28361,-2.24154,301.57642,330.5833,29.00688,4.06247,3.568056,-0.494414,337.83905,64.93,-272.90905,336.4
07-11-2020  11,29.66681,28.475,-1.19181,300.79205,323.3931,22.60105,5.02086,3.247222,-1.773638,140.23259,44.78,-95.45259,216.2
07-11-2020  12,28.53787,27.89264,-0.64523,306.37515,317.1931,10.81795,2.32634,1.929361,-0.396979,2.66067,20.6,17.93933,81
07-11-2020  13,27.91296,26.16555,-1.74741,320.2536,296.7542,-23.4994,1.3221,1.078931,-0.243169,0,7.999,7.999,7.043
07-11-2020  14,27.18991,24.67583,-2.51408,309.24786,288.5236,-20.72426,1.50651,1.205611,-0.300899,0,6.207,6.207,1.051
07-11-2020  15,26.41147,23.3225,-3.08897,293.21762,220.0611,-73.15652,1.38033,0.5025694,-0.8777606,0,5.842,5.842,0.515
07-11-2020  16,25.55466,22.07764,-3.47702,290.82529,153.7764,-137.04889,0.76698,0.4369027,-0.3300773,0,5.634,5.634,0.493
07-11-2020  17,24.49753,21.06972,-3.42781,232.28226,218.3972,-13.88506,1.16812,0.607875,-0.560245,0,5.263,5.263,0.464
07-11-2020  18,22.98175,19.87805,-3.1037,216.57716,189.7444,-26.83276,1.23434,0.3227083,-0.9116317,0,4.888,4.888,-0.036
07-11-2020  19,22.67978,19.50167,-3.17811,224.0399,185.6528,-38.3871,1.23209,0.52775,-0.70434,0,4.146,4.146,0.049
07-11-2020  20,22.30399,19.0668,-3.23719,236.59322,273.5597,36.96648,1.35755,0.8299306,-0.5276194,0,4.134,4.134,0.127
07-11-2020  21,21.73407,18.92917,-2.8049,242.38092,265.0056,22.62468,1.85238,1.038625,-0.813755,0,4.543,4.543,-1.503
07-11-2020  22,21.14774,18.31736,-2.83038,249.76729,278.9972,29.22991,2.36703,0.8387361,-1.5282939,0,4.125,4.125,-0.09
07-11-2020  23,20.44336,17.91097,-2.53239,258.43582,257.0667,-1.36912,1.81802,0.7256943,-1.0923257,0,4.632,4.632,-0.571
08-11-2020  00,19.86383,17.46514,-2.39869,254.75494,271.5153,16.76036,1.48678,1.085847,-0.400933,0,4.643,4.643,-0.76
08-11-2020  01,19.40591,17.23694,-2.16897,251.16513,269.4944,18.32927,1.13664,1.299569,0.162929,0,4.571,4.571,-2.063
08-11-2020  02,19.61203,16.30833,-3.3037,253.04568,290.3556,37.30992,0.95258,0.6821527,-0.2704273,75.69342,4.607,-71.08642,2.283
08-11-2020  03,20.81464,16.18889,-4.62575,261.34619,194.7222,-66.62399,1.40924,0.3032639,-1.1059761,258.99234,11.31,-247.68234,42.88
08-11-2020  04,23.0683,17.75056,-5.31774,267.68689,218.6236,-49.06329,1.28693,0.7420138,-0.5449162,441.92029,22.37,-419.55029,125.4
08-11-2020  05,25.9223,20.04611,-5.87619,280.40237,290.5097,10.10733,0.89036,0.7555972,-0.1347628,586.64978,33.23,-553.41978,221.9
08-11-2020  06,28.49908,22.30569,-6.19339,296.8855,295.1625,-1.723,0.74522,0.9159444,0.1707244,666.39398,59.85,-606.54398,319.4
08-11-2020  07,30.08221,24.10708,-5.97513,318.15738,299.8847,-18.27268,0.08998,1.0205,0.93052,666.75232,70.06,-596.69232,348.7
08-11-2020  08,30.85165,25.52389,-5.32776,322.80179,281.1958,-41.60599,3.07195,1.197236,-1.874714,591.59198,76.15,-515.44198,389.8
08-11-2020  09,30.51028,26.78597,-3.72431,316.7265,248.1333,-68.5932,2.22745,1.487306,-0.740144,0,71.39,71.39,367.4
08-11-2020  10,30.37164,27.61958,-2.75206,304.52374,237.4014,-67.12234,3.3453,1.781931,-1.563369,292.82629,56.66,-236.16629,278.8
08-11-2020  11,29.81134,27.89736,-1.91398,322.82703,210.0569,-112.77013,3.98468,2.299653,-1.685027,130.17589,42.94,-87.23589,201.2
08-11-2020  12,28.59985,27.04486,-1.55499,301.59671,191.9403,-109.65641,2.82405,1.080958,-1.743092,1.83875,19.42,17.58125,71.39
08-11-2020  13,27.51608,25.07889,-2.43719,344.90839,180.5556,-164.35279,2.17623,0.7283333,-1.4478967,0,7.457,7.457,7.799
08-11-2020  14,26.88913,22.90486,-3.98427,3.57042,230.7195,227.14908,1.23983,0.2984166,-0.9414134,0,5.3,5.3,0.885
08-11-2020  15,26.14575,21.43,-4.71575,20.02034,177.6819,157.66156,1.23531,0.4358333,-0.7994767,0,5.177,5.177,0.637
08-11-2020  16,25.43448,20.65861,-4.77587,46.6281,227.0542,180.4261,1.21508,0.5556527,-0.6594273,0,4.595,4.595,0.764
08-11-2020  17,24.87994,19.50361,-5.37633,77.75536,213.8264,136.07104,1.06547,0.2731389,-0.7923311,0,4.282,4.282,0.473
08-11-2020  18,24.53708,18.33333,-6.20375,205.9857,150.4778,-55.5079,0.71039,0.2725972,-0.4377928,0,4.631,4.631,0.567
08-11-2020  19,22.83261,18.23861,-4.594,238.97601,134.8833,-104.09271,1.34936,0.4541944,-0.8951656,0,4.703,4.703,-0.185
08-11-2020  20,21.95248,17.65789,-4.29459,263.32736,247.3437,-15.98366,1.12628,0.5199718,-0.6063082,0,4.62,4.62,0.228
08-11-2020  21,21.09433,16.94944,-4.14489,231.58954,244.5458,12.95626,1.23436,0.5871944,-0.6471656,0,4.41,4.41,0.136
08-11-2020  22,20.82166,16.33889,-4.48277,234.27325,280.0917,45.81845,1.47455,0.9343611,-0.5401889,0,4.94,4.94,-0.72
08-11-2020  23,20.3215,16.21792,-4.10358,252.97897,279.0458,26.06683,1.26225,0.8948611,-0.3673889,0,5.168,5.168,-1.975
09-11-2020  00,19.96695,16.03305,-3.9339,257.8324,269.0847,11.2523,0.94394,1.014083,0.070143,0,4.591,4.591,-0.97
09-11-2020  01,19.66501,15.39861,-4.2664,245.36992,283.2931,37.92318,1.09629,1.646444,0.550154,0,4.561,4.561,-1.783
09-11-2020  02,19.80576,15.03903,-4.76673,248.12137,284.975,36.85363,1.02721,1.768736,0.741526,64.55558,4.758,-59.79758,-0.177
09-11-2020  03,20.90155,15.2075,-5.69405,252.59866,281.6069,29.00824,1.43863,1.060931,-0.377699,230.24847,11.17,-219.07847,43.73
09-11-2020  04,23.13983,15.86139,-7.27844,265.41956,295.1667,29.74714,1.31191,1.830708,0.518798,404.3501,25.86,-378.4901,136.8
09-11-2020  05,25.72794,19.75789,-5.97005,266.61871,292.2105,25.59179,1.00779,0.6947368,-0.3130532,546.8847,40.87,-506.0147,316.1
09-11-2020  06,28.05814,22.35271,-5.70543,284.2738,256.1995,-28.0743,1.43313,0.9683743,-0.4647557,633.46765,67.39,-566.07765,375.7
09-11-2020  07,29.69952,23.53972,-6.1598,308.11807,305.0347,-3.08337,1.79923,1.646722,-0.152508,641.45752,74.99,-566.46752,406.8
09-11-2020  08,30.52487,24.43194,-6.09293,220.72304,275.3319,54.60886,1.24886,1.78125,0.53239,566.13983,71.19,-494.94983,381.4
09-11-2020  09,29.52179,25.38722,-4.13457,343.26337,297.9028,-45.36057,3.01043,1.649319,-1.361111,0,62.1,62.1,327.9
09-11-2020  10,29.09518,25.92375,-3.17143,340.69836,305.3472,-35.35116,4.7096,1.486986,-3.222614,283.84778,46.79,-237.05778,235
09-11-2020  11,28.4509,25.86,-2.5909,339.28308,299.132,-40.15108,4.5064,1.719542,-2.786858,119.38067,32.9,-86.48067,151.6
09-11-2020  12,27.27936,24.68722,-2.59214,340.41486,284.0403,-56.37456,3.3493,1.892833,-1.456467,1.26366,13.71,12.44634,46.05
09-11-2020  13,26.35263,22.80403,-3.5486,357.13135,291.1583,-65.97305,1.69687,1.52293,-0.17394,0,6.716,6.716,3.084
09-11-2020  14,25.86032,22.1125,-3.74782,35.15413,284.9556,249.80147,1.21253,0.7873471,-0.4251829,0,5.589,5.589,0.681
09-11-2020  15,25.21756,20.67972,-4.53784,36.09776,163.8528,127.75504,1.22556,0.3135278,-0.9120322,0,4.383,4.383,-0.122
09-11-2020  16,24.58545,20.04445,-4.541,28.19392,227.8528,199.65888,0.73993,0.4955694,-0.2443606,0,4.795,4.795,0.03
09-11-2020  17,23.95044,19.42569,-4.52475,306.7821,212.8958,-93.8863,0.36481,0.3887222,0.0239122,0,3.847,3.847,0.49
09-11-2020  18,23.11899,18.60722,-4.51177,305.06079,227.7639,-77.29689,0.58997,0.3469444,-0.2430256,0,3.704,3.704,0.244
09-11-2020  19,21.49762,17.70736,-3.79026,293.96689,213.8653,-80.10159,1.00171,0.1753333,-0.8263767,0,3.363,3.363,0.383
09-11-2020  20,21.10699,17.44194,-3.66505,289.71332,147.0681,-142.64522,0.3643,0.3154861,-0.0488139,0,3.674,3.674,-0.152
09-11-2020  21,20.72479,17.02458,-3.70021,240.118,237.0069,-3.1111,0.33703,0.2935694,-0.0434606,0,4.18,4.18,-0.051
09-11-2020  22,20.39804,16.50861,-3.88943,248.49034,274.3708,25.88046,0.71643,1.054083,0.337653,0,4.525,4.525,-1.123
09-11-2020  23,19.90472,16.45139,-3.45333,268.1879,290.0958,21.9079,0.63935,1.209083,0.569733,0,4.506,4.506,-1.984
10-11-2020  00,19.63419,15.79042,-3.84377,271.88791,269.8736,-2.01431,0.65599,0.6756805,0.0196905,0,3.784,3.784,-0.063
10-11-2020  01,19.18091,15.69097,-3.48994,252.33971,285.6819,33.34219,0.47337,1.216917,0.743547,0,5.16,5.16,-1.78
10-11-2020  02,19.26395,15.53805,-3.7259,129.58041,235.2,105.61959,0.00842,0.8095417,0.8011217,64.59412,4.875,-59.71912,1.82
10-11-2020  03,21.13098,15.34014,-5.79084,134.73709,277.6778,142.94071,0.00333,0.8671943,0.8638643,227.06482,11.5,-215.56482,51.16
10-11-2020  04,23.49548,17.4575,-6.03798,2.18163,210.0514,207.86977,0.00106,0.4878333,0.4867733,388.16223,22.78,-365.38223,162.6
10-11-2020  05,26.19446,19.42625,-6.76821,317.69955,298.9375,-18.76205,0.02292,0.9640971,0.9411771,521.62866,39.68,-481.94866,280.9
10-11-2020  06,27.94254,23.73805,-4.20449,136.53433,188.1639,51.62957,1.90875,0.6371527,-1.2715973,548.83148,67.34,-481.49148,383.6
10-11-2020  07,28.90085,26.29889,-2.60196,157.11862,90.03334,-67.08528,0.92837,1.041875,0.113505,608.30768,69.16,-539.14768,394.1
10-11-2020  08,29.57983,27.45944,-2.12039,53.20792,128.7181,75.51018,0.97981,1.643889,0.664079,448.24231,68.83,-379.41231,376.9
10-11-2020  09,29.43295,27.87528,-1.55767,113.91258,124.8028,10.89022,3.43122,2.24125,-1.18997,0,65.38,65.38,358.3
10-11-2020  10,28.97357,28.07222,-0.90135,109.74582,117.4347,7.68888,4.75991,2.382625,-2.377285,309.3616,59.48,-249.8816,321.1
10-11-2020  11,28.23911,27.79458,-0.44453,111.24886,112.8861,1.63724,3.26047,2.412139,-0.848331,135.38718,34.54,-100.84718,161.3
10-11-2020  12,27.28677,27.20458,-0.08219,128.99323,120.7167,-8.27653,4.39428,1.490222,-2.904058,0.77078,16.45,15.67922,63
10-11-2020  13,26.51212,25.85847,-0.65365,129.07425,125.6195,-3.45475,1.91767,1.038181,-0.879489,0,6.112,6.112,5.678
10-11-2020  14,25.73273,24.08889,-1.64384,123.98207,114.3708,-9.61127,1.5458,1.385028,-0.160772,0,4.845,4.845,-0.031
10-11-2020  15,25.00638,23.16166,-1.84472,114.12162,117.9792,3.85758,1.67956,1.11882,-0.56074,0,4.626,4.626,0.097
10-11-2020  16,24.4451,21.60514,-2.83996,115.48772,103.5125,-11.97522,1.57543,0.8886805,-0.6867495,0,4.346,4.346,-0.382
10-11-2020  17,23.89175,20.58736,-3.30439,115.35542,96.28472,-19.0707,1.64576,0.9599722,-0.6857878,0,3.965,3.965,-0.126
10-11-2020  18,23.57184,20.00625,-3.56559,115.06183,104.0139,-11.04793,1.76263,1.035861,-0.726769,0,3.878,3.878,-0.207
10-11-2020  19,23.17383,19.88958,-3.28425,111.04377,119.5542,8.51043,1.57692,0.7632778,-0.8136422,0,4.189,4.189,0.473
10-11-2020  20,22.67227,19.07111,-3.60116,76.46485,92.325,15.86015,1.0607,0.8881666,-0.1725334,0,3.968,3.968,-0.256
10-11-2020  21,22.09329,18.14278,-3.95051,68.71934,100.4778,31.75846,1.25491,0.608625,-0.646285,0,3.336,3.336,0.323
10-11-2020  22,21.72037,17.8925,-3.82787,73.74998,73.00833,-0.74165,1.07046,0.6846111,-0.3858489,0,3.858,3.858,-0.391
10-11-2020  23,21.40637,17.83944,-3.56693,74.89591,55.60417,-19.29174,0.80326,0.9481944,0.1449344,0,3.92,3.92,-0.358
11-11-2020  00,21.22467,17.49917,-3.7255,99.14827,84.07361,-15.07466,0.77022,0.9642778,0.1940578,0,4.023,4.023,-0.552
11-11-2020  01,20.82178,17.02903,-3.79275,100.38898,77.70278,-22.6862,0.67196,0.6030555,-0.0689045,0,3.98,3.98,-0.463
11-11-2020  02,20.94901,16.61014,-4.33887,79.87532,97.23889,17.36357,0.42676,0.5270833,0.1003233,57.49123,3.763,-53.72823,2.155
11-11-2020  03,22.33621,17.30889,-5.02732,90.30593,116.3,25.99407,0.69622,0.673611,-0.022609,211.38693,12.81,-198.57693,57.43
11-11-2020  04,24.55191,19.8868,-4.66511,86.85371,102.4819,15.62819,1.25268,0.9097222,-0.3429578,377.03821,24.08,-352.95821,179.2
11-11-2020  05,26.48206,22.88014,-3.60192,61.26846,112.3708,51.10234,2.15145,1.677208,-0.474242,485.2243,51.64,-433.5843,320.2
11-11-2020  06,27.63248,24.96861,-2.66387,67.63792,120.9375,53.29958,5.00565,1.963819,-3.041831,604.52002,77.86,-526.66002,439.3
11-11-2020  07,28.56207,26.05889,-2.50318,138.98615,105.4958,-33.49035,2.66351,2.365361,-0.298149,592.08417,83.7,-508.38417,484.8
11-11-2020  08,28.70288,26.87778,-1.8251,148.80009,114.7653,-34.03479,4.48271,2.648903,-1.833807,541.02496,86.3,-454.72496,510.1
11-11-2020  09,29.39508,27.00625,-2.38883,105.89516,108.9292,3.03404,2.7948,2.55018,-0.24462,0,78.94,78.94,466.3
11-11-2020  10,28.93869,27.13347,-1.80522,131.68098,87.21806,-44.46292,2.14345,2.311375,0.167925,302.8006,57.78,-245.0206,315.7
11-11-2020  11,28.61508,27.19333,-1.42175,120.67618,94.31944,-26.35674,2.68471,1.908694,-0.776016,138.24989,38.39,-99.85989,184
11-11-2020  12,27.55045,26.71153,-0.83892,96.33289,91.6625,-4.67039,3.26707,1.780653,-1.486417,0.22176,18.64,18.41824,72.05
11-11-2020  13,26.87,25.26625,-1.60375,114.27065,69.96806,-44.30259,3.03171,0.8607083,-2.1710017,0,6.972,6.972,5.738
11-11-2020  14,26.21948,23.75208,-2.4674,114.82458,105.4278,-9.39678,1.29686,1.260153,-0.036707,0,5.197,5.197,0.41
11-11-2020  15,25.5451,22.56472,-2.98038,93.49489,107.7083,14.21341,1.31528,1.196167,-0.119113,0,4.825,4.825,-0.688
11-11-2020  16,24.92767,20.94042,-3.98725,89.66908,101.0139,11.34482,1.58638,0.8488888,-0.7374912,0,4.673,4.673,-0.272
11-11-2020  17,24.38901,20.09486,-4.29415,89.55334,85.27639,-4.27695,1.64063,0.965736,-0.674894,0,4.792,4.792,-0.821
11-11-2020  18,23.87268,19.61028,-4.2624,77.61343,89.78334,12.16991,0.87907,0.9561666,0.0770966,0,4.321,4.321,-0.625
11-11-2020  19,23.45557,19.13917,-4.3164,83.30009,130.6806,47.38051,1.47761,0.5404722,-0.9371378,0,4.293,4.293,-0.249
11-11-2020  20,22.90335,18.95806,-3.94529,78.37316,101.3653,22.99214,1.02082,0.7248889,-0.2959311,0,4.177,4.177,-0.713
11-11-2020  21,22.5705,18.78889,-3.78161,75.41012,160.5486,85.13848,1.04706,0.9341806,-0.1128794,0,4.304,4.304,-0.875
11-11-2020  22,22.13101,18.49611,-3.6349,63.56913,201.6264,138.05727,1.06151,0.5553194,-0.5061906,0,4.031,4.031,-0.775
11-11-2020  23,21.8313,17.96542,-3.86588,52.80804,127.2722,74.46416,0.50187,0.5927917,0.0909217,0,3.762,3.762,-0.41
12-11-2020  00,21.61838,17.51042,-4.10796,62.15921,122.8611,60.70189,0.60311,0.4346944,-0.1684156,0,4.062,4.062,-0.242
12-11-2020  01,21.14191,17.03222,-4.10969,331.66211,123.5458,-208.11631,0.49285,0.7783472,0.2854972,0,3.879,3.879,-0.484
12-11-2020  02,21.43582,17.065,-4.37082,354.69128,108.6236,-246.06768,1.05398,0.5979861,-0.4559939,64.02945,4.081,-59.94845,2.342
12-11-2020  03,22.9248,17.48833,-5.43647,46.17184,177.6292,131.45736,0.80691,0.6495277,-0.1573823,232.16176,11.87,-220.29176,59.12
12-11-2020  04,25.0372,20.03625,-5.00095,42.02087,151.7625,109.74163,0.61758,0.7483888,0.1308088,398.99945,23.63,-375.36945,179.3
12-11-2020  05,27.10968,22.57417,-4.53551,87.80639,42.04861,-45.75778,1.16394,1.427153,0.263213,516.84204,46.21,-470.63204,308
12-11-2020  06,28.16498,25.08708,-3.0779,97.91846,121.0514,23.13294,2.88931,1.428208,-1.461102,608.71552,69.45,-539.26552,411.5
12-11-2020  07,28.92447,26.19542,-2.72905,87.1598,195.0333,107.8735,1.93149,1.680833,-0.250657,622.08453,75.47,-546.61453,446.7
12-11-2020  08,29.29153,26.79694,-2.49459,67.53354,118.4542,50.92066,2.04023,1.862736,-0.177494,513.83826,72.16,-441.67826,421.8
12-11-2020  09,28.8866,27.28208,-1.60452,97.58846,136.2097,38.62124,1.22795,1.501222,0.273272,0,66.38,66.38,383
12-11-2020  10,28.63495,27.22611,-1.40884,79.79301,109.3514,29.55839,3.33386,1.699778,-1.634082,277.88968,48.62,-229.26968,256.3
12-11-2020  11,28.09448,27.0843,-1.01018,100.90508,82.23611,-18.66897,1.16626,1.569931,0.403671,115.20863,32.75,-82.45863,157.6
12-11-2020  12,27.07434,26.4068,-0.66754,182.39116,38.30694,-144.08422,3.81165,1.503639,-2.308011,0,14.39,14.39,55.32
12-11-2020  13,26.31,25.0768,-1.2332,184.94424,70.62083,-114.32341,2.16484,1.001597,-1.163243,0,6.219,6.219,4.742
12-11-2020  14,25.62082,23.93278,-1.68804,282.76465,88.56111,-194.20354,0.7671,0.9387083,0.1716083,0,5.279,5.279,1
12-11-2020  15,25.29831,23.14097,-2.15734,253.7623,158.1222,-95.6401,0.98677,0.5828333,-0.4039367,0,4.085,4.085,1.03
12-11-2020  16,24.87277,22.38472,-2.48805,233.81471,203.7722,-30.04251,0.89776,0.5657222,-0.3320378,0,4.113,4.113,0.587
12-11-2020  17,23.8916,21.47597,-2.41563,239.27255,229.7972,-9.47535,1.28903,0.5476528,-0.7413772,0,4.142,4.142,0.504
12-11-2020  18,22.81763,21.04847,-1.76916,222.37444,242.0945,19.72006,1.97001,0.5480278,-1.4219822,0,3.876,3.876,-0.219
12-11-2020  19,22.07385,20.3043,-1.76955,245.93631,216.7431,-29.19321,1.4473,0.6023194,-0.8449806,0,4.247,4.247,0.242
12-11-2020  20,21.69666,19.72236,-1.9743,249.93472,161.2445,-88.69022,1.27114,0.5425,-0.72864,0,4.171,4.171,-1.163
12-11-2020  21,21.10135,19.09805,-2.0033,243.7206,177.1097,-66.6109,1.3324,0.6529306,-0.6794694,0,4.179,4.179,-0.27
12-11-2020  22,20.80981,18.62764,-2.18217,251.50372,171.3264,-80.17732,1.47912,0.7684583,-0.7106617,0,4.071,4.071,-0.108
12-11-2020  23,20.41397,18.05333,-2.36064,249.76158,70.58889,-179.17269,1.42057,0.9469583,-0.4736117,0,4.109,4.109,-0.832
13-11-2020  00,20.064,17.50639,-2.55761,246.61612,114.025,-132.59112,1.40679,0.4495278,-0.9572622,0,3.954,3.954,-0.356
13-11-2020  01,19.64822,17.345,-2.30322,257.02399,199.8819,-57.14209,1.53732,0.621,-0.91632,0,3.961,3.961,-0.298
13-11-2020  02,19.61066,17.27847,-2.33219,255.49338,216.5222,-38.97118,1.67982,0.7289722,-0.9508478,65.96092,4.581,-61.37992,1.751
13-11-2020  03,20.5791,17.36111,-3.21799,265.21326,265.7444,0.53114,2.05897,0.5057777,-1.5531923,240.9281,11.15,-229.7781,51.2
13-11-2020  04,22.39355,18.52,-3.87355,270.95166,298.2833,27.33164,2.09097,1.343778,-0.747192,411.45514,23.76,-387.69514,166.7
13-11-2020  05,24.87595,20.64792,-4.22803,270.99615,276.782,5.78585,1.45935,1.656667,0.197317,554.60907,44.1,-510.50907,302.5
13-11-2020  06,27.16528,23.38722,-3.77806,273.2384,296.2069,22.9685,1.69413,1.545083,-0.149047,640.79553,73.27,-567.52553,435.8
13-11-2020  07,28.4071,25.27542,-3.13168,268.09686,297.9097,29.81284,0.98956,2.327694,1.338134,655.16217,85.6,-569.56217,524.2
13-11-2020  08,28.82605,26.61111,-2.21494,21.58212,271.4903,249.90818,4.39244,1.927931,-2.464509,580.96295,84.8,-496.16295,526.5
13-11-2020  09,29.11081,27.85375,-1.25706,289.07159,223.5986,-65.47299,0.73412,1.347028,0.612908,0,75.12,75.12,466.5
13-11-2020  10,28.24164,27.69777,-0.54387,319.02786,263.6528,-55.37506,1.42394,1.716333,0.292393,295.1189,60.27,-234.8489,350.6
13-11-2020  11,28.01819,27.33764,-0.68055,266.08057,293.0222,26.94163,2.86442,1.836153,-1.028267,118.51753,39.44,-79.07753,197
13-11-2020  12,26.95456,26.80805,-0.14651,264.45856,313.1611,48.70254,3.84376,1.802791,-2.040969,0,18.71,18.71,74.13
13-11-2020  13,26.13766,25.40528,-0.73238,275.2215,256.3667,-18.8548,2.05297,1.091264,-0.961706,0,6.244,6.244,5.309
13-11-2020  14,25.10446,23.9918,-1.11266,228.59369,26.66111,-201.93258,1.5892,1.034681,-0.554519,0,4.782,4.782,0.097
13-11-2020  15,24.39349,22.64278,-1.75071,226.56357,108.1861,-118.37747,1.36942,0.5974166,-0.7720034,0,5.288,5.288,0.249
13-11-2020  16,23.72556,22.2693,-1.45626,227.11481,79.69583,-147.41898,1.275,0.463875,-0.811125,0,5.304,5.304,0.19
13-11-2020  17,23.16736,21.4375,-1.72986,234.85443,60.96528,-173.88915,1.09768,0.4695833,-0.6280967,0,4.531,4.531,0.116
13-11-2020  18,22.55536,20.355,-2.20036,228.26111,138.3472,-89.91391,1.52431,0.5649722,-0.9593378,0,4.4,4.4,-0.928
13-11-2020  19,21.89273,19.51694,-2.37579,236.30502,192.2528,-44.05222,1.39826,0.3685694,-1.0296906,0,4.011,4.011,0.21
13-11-2020  20,21.37344,18.28083,-3.09261,249.66136,140.6389,-109.02246,1.54871,0.2585416,-1.2901684,0,4.525,4.525,0.329
13-11-2020  21,20.80731,18.0775,-2.72981,250.52541,108.0708,-142.45461,1.32582,0.4713333,-0.8544867,0,4.733,4.733,-0.093
13-11-2020  22,20.35461,17.52389,-2.83072,255.32281,141.3583,-113.96451,1.44497,0.2880417,-1.1569283,0,4.693,4.693,0.008
13-11-2020  23,19.71338,17.12125,-2.59213,248.96719,244.6194,-4.34779,1.09243,0.5295556,-0.5628744,0,4.39,4.39,-0.266
14-11-2020  00,19.38651,16.43181,-2.9547,248.41721,261.3014,12.88419,1.23437,0.847861,-0.386509,0,4.319,4.319,-0.65
14-11-2020  01,19.12738,16.19333,-2.93405,248.52802,279.3472,30.81918,1.4068,1.304444,-0.102356,0,4.984,4.984,-2.616
14-11-2020  02,19.13422,15.78486,-3.34936,244.03537,273.4889,29.45353,1.04207,1.165986,0.123916,60.74283,4.842,-55.90083,0.226
14-11-2020  03,20.76981,15.81222,-4.95759,255.14168,269.35,14.20832,1.36629,0.9290138,-0.4372762,227.68585,10.59,-217.09585,40.95
14-11-2020  04,22.73572,16.78028,-5.95544,264.02115,298.6917,34.67055,1.59424,0.9905,-0.60374,400.91858,21.72,-379.19858,134
14-11-2020  05,25.08322,18.82819,-6.25503,262.95993,295.1889,32.22897,0.87406,0.9818472,0.1077872,539.53552,33.42,-506.11552,241.4
14-11-2020  06,27.17715,22.44639,-4.73076,249.11629,239.7444,-9.37189,0.95324,0.8478889,-0.1053511,624.0838,58.1,-565.9838,317.1
14-11-2020  07,28.57104,24.60653,-3.96451,96.87453,256.3055,159.43097,0.52639,0.8181666,0.2917766,638.54865,67.84,-570.70865,367.5
14-11-2020  08,29.22925,26.505,-2.72425,318.97327,259.6208,-59.35247,1.91472,0.9258888,-0.9888312,583.06299,67.45,-515.61299,371.2
14-11-2020  09,29.34116,27.40569,-1.93547,281.52921,223.0028,-58.52641,0.7899,1.077361,0.287461,0,65.38,65.38,365.4
14-11-2020  10,28.7984,27.72514,-1.07326,342.91406,114.3333,-228.58076,2.18967,1.292319,-0.897351,280.00992,50.8,-229.20992,274.5
14-11-2020  11,28.4498,26.57139,-1.87841,190.04254,80.05417,-109.98837,2.06773,2.290125,0.222395,117.54253,29.88,-87.66253,133
14-11-2020  12,27.49887,25.54236,-1.95651,248.4151,76.81944,-171.59566,1.73274,1.384681,-0.348059,0,13.52,13.52,45.7
14-11-2020  13,26.70148,23.90569,-2.79579,271.73416,89.11667,-182.61749,1.24184,1.729042,0.487202,0,5.105,5.105,3.237
14-11-2020  14,25.5405,22.2,-3.3405,59.8367,103.2963,43.4596,2.0778,1.598518,-0.479282,0,4.09,4.09,-0.489
14-11-2020  15,24.96606,21.95319,-3.01287,81.73182,116.4875,34.75568,2.24992,1.851139,-0.398781,0,4.136,4.136,-0.753
14-11-2020  16,24.52341,21.3875,-3.13591,88.31221,126.4889,38.17669,2.88082,1.362431,-1.518389,0,4.312,4.312,-0.588
14-11-2020  17,23.78308,20.92681,-2.85627,97.58396,128.0069,30.42294,2.79578,1.725833,-1.069947,0,3.612,3.612,-1.612
14-11-2020  18,23.31726,20.63819,-2.67907,105.45857,123.6694,18.21083,2.82018,1.3975,-1.42268,0,3.675,3.675,-1.001
14-11-2020  19,23.20276,19.97055,-3.23221,105.00713,119.4931,14.48597,3.38566,1.568111,-1.817549,0,3.322,3.322,-0.739
14-11-2020  20,22.95093,19.64055,-3.31038,107.37064,110.8056,3.43496,3.48357,1.434292,-2.049278,0,3.459,3.459,-0.594
14-11-2020  21,22.44739,19.08444,-3.36295,105.39382,125.4694,20.07558,2.87486,1.226194,-1.648666,0,3.257,3.257,-0.738
14-11-2020  22,22.32608,19.10097,-3.22511,114.20634,114.8597,0.65336,2.57436,1.409042,-1.165318,0,3.331,3.331,-0.768
14-11-2020  23,22.01874,18.87472,-3.14402,111.28944,116.1167,4.82726,3.43073,1.76818,-1.66255,0,3.195,3.195,-1.229
15-11-2020  00,21.75055,18.3743,-3.37625,110.6533,122.4861,11.8328,3.61253,1.795931,-1.816599,0,3.309,3.309,-1.766
15-11-2020  01,21.51694,18.24792,-3.26902,115.53418,132.7597,17.22552,2.58214,0.7996944,-1.7824456,0,3.638,3.638,-0.709
15-11-2020  02,21.80331,17.8625,-3.94081,124.58183,128.0167,3.43487,3.07707,1.528028,-1.549042,52.8088,3.572,-49.2368,0.767
15-11-2020  03,23.11475,17.96194,-5.15281,129.08577,124.8695,-4.21627,3.5551,1.415292,-2.139808,198.34665,10.03,-188.31665,46.5
15-11-2020  04,24.67712,19.69972,-4.9774,124.86734,120.2806,-4.58674,4.38394,1.721472,-2.662468,344.8894,22.83,-322.0594,150
15-11-2020  05,26.5882,22.17514,-4.41306,121.78894,154.1986,32.40966,4.03129,2.341417,-1.689873,449.58115,39.84,-409.74115,266.4
15-11-2020  06,27.98239,24.23583,-3.74656,130.69019,161.8445,31.15431,6.05272,3.837666,-2.215054,558.4574,68.59,-489.8674,380.6
15-11-2020  07,29.19571,25.91,-3.28571,140.44601,152.9,12.45399,5.64569,3.396278,-2.249412,563.96863,77.47,-486.49863,437.1
15-11-2020  08,29.4494,26.94611,-2.50329,139.57288,155.9236,16.35072,7.02751,3.325208,-3.702302,525.43549,77.27,-448.16549,441.4
15-11-2020  09,30.1666,27.48944,-2.67716,150.60983,147.9889,-2.62093,3.75495,3.090945,-0.664005,0,66.92,66.92,374.7
15-11-2020  10,30.07001,27.4625,-2.60751,150.57373,147.8875,-2.68623,4.69982,3.038194,-1.661626,261.13483,40.05,-221.08483,211.6
15-11-2020  11,28.82242,25.60847,-3.21395,162.73329,127.0903,-35.64299,4.50815,2.100597,-2.407553,106.77755,14.53,-92.24755,26.03
15-11-2020  12,27.46826,22.05694,-5.41132,155.01218,183.8597,28.84752,4.97061,2.717597,-2.253013,0,17.04,17.04,15.69
15-11-2020  13,26.5929,21.62,-4.9729,142.50313,150.975,8.47187,4.92889,4.043652,-0.885238,0,10.05,10.05,5.022
15-11-2020  14,25.77286,21.07403,-4.69883,134.58636,143.3417,8.75534,5.11904,2.797847,-2.321193,0,3.267,3.267,-1
15-11-2020  15,25.00842,20.40736,-4.60106,134.15092,130.7028,-3.44812,5.85226,2.422042,-3.430218,0,2.785,2.785,-1.007
15-11-2020  16,24.29459,20.43972,-3.85487,130.74818,129.4347,-1.31348,5.39573,2.277056,-3.118674,0,2.572,2.572,-1.055
15-11-2020  17,23.55017,20.23361,-3.31656,107.65669,131.6597,24.00301,4.55224,2.534361,-2.017879,0,1.998,1.998,-0.807
15-11-2020  18,22.7634,19.87403,-2.88937,106.84132,98.44444,-8.39688,5.00257,2.966528,-2.036042,0,2.028,2.028,-0.657
15-11-2020  19,22.17087,19.58722,-2.58365,105.43812,114.082,8.64388,5.35496,2.831597,-2.523363,0,2.194,2.194,-0.919
15-11-2020  20,21.85556,18.97,-2.88556,91.73952,111,19.26048,4.60855,1.875792,-2.732758,0,3.007,3.007,-1.114
15-11-2020  21,20.82413,18.74264,-2.08149,82.76685,118.7111,35.94425,5.26976,2.969139,-2.300621,0,2.666,2.666,-1.463
15-11-2020  22,20.20523,18.1543,-2.05093,81.62959,128.0847,46.45511,5.43224,2.361014,-3.071226,0,2.632,2.632,-1.408
15-11-2020  23,19.69254,18.09319,-1.59935,74.37604,100.9972,26.62116,5.63753,2.497486,-3.140044,0,2.501,2.501,-1.154
16-11-2020  00,19.3519,18.01444,-1.33746,73.74133,66.16528,-7.57605,5.3404,1.77025,-3.57015,0,1.159,1.159,0.111
16-11-2020  01,19.08969,17.91403,-1.17566,75.61471,75.3375,-0.27721,5.53104,3.256792,-2.274248,0,0.517,0.517,0.179
16-11-2020  02,19.0379,17.38167,-1.65623,81.08849,81.91111,0.82262,5.58097,3.28175,-2.29922,49.4266,0.564,-48.8626,1.038
16-11-2020  03,19.65134,18.07055,-1.58079,82.65317,102.6972,20.04403,6.41935,3.30493,-3.11442,198.8002,2.17,-196.6302,17.31
16-11-2020  04,20.79163,18.72861,-2.06302,84.14933,113.4125,29.26317,6.21203,4.064194,-2.147836,359.27371,6.861,-352.41271,63.38
16-11-2020  05,22.03094,19.31139,-2.71955,83.064,121.0722,38.0082,7.792,3.652861,-4.139139,494.97989,24.65,-470.32989,226
16-11-2020  06,23.50909,20.18333,-3.32576,94.21915,141.9917,47.77255,6.68296,2.996528,-3.686432,560.15094,38.34,-521.81094,312.9
16-11-2020  07,24.78497,21.43889,-3.34608,83.94595,154.6444,70.69845,5.77597,2.544528,-3.231442,584.45148,68.96,-515.49148,459.3
16-11-2020  08,25.48627,22.61375,-2.87252,80.44762,163.1528,82.70518,3.88555,2.221153,-1.664397,519.1131,71.08,-448.0331,476.6
16-11-2020  09,27.83353,23.54106,-4.29247,75.14456,116.7483,41.60374,1.29222,1.75745,0.46523,0,68.24,68.24,442.3
16-11-2020  10,27.67963,23.21708,-4.46255,358.16339,107.3167,-250.84669,1.37715,2.021514,0.644364,289.28464,23.47,-265.81464,146.1
16-11-2020  11,27.39182,23.03861,-4.35321,82.54575,135.0708,52.52505,0.33042,1.229556,0.899136,112.2341,8.97,-103.2641,54.35
16-11-2020  12,26.81479,22.905,-3.90979,71.53957,136.7083,65.16873,1.42966,0.7710138,-0.6586462,0,4.112,4.112,20.03
16-11-2020  13,26.02707,22.72028,-3.30679,102.28339,84.07638,-18.20701,2.97195,0.9016944,-2.0702556,0,2.004,2.004,2.815
16-11-2020  14,25.01721,22.73361,-2.2836,77.08791,90.18056,13.09265,2.54465,0.5108611,-2.0337889,0,2.094,2.094,0.708
16-11-2020  15,24.47827,22.04514,-2.43313,62.06874,293.2875,231.21876,1.82205,1.552319,-0.269731,0,1.867,1.867,0.064
16-11-2020  16,23.95969,21.46028,-2.49941,60.94815,289.5,228.55185,2.48596,1.900014,-0.585946,0,1.97,1.97,-0.51
16-11-2020  17,23.41745,20.92069,-2.49676,55.6031,292.7403,237.1372,1.26356,1.088153,-0.175407,0,4.393,4.393,-1.221
16-11-2020  18,23.02802,20.67486,-2.35316,55.48387,278.8667,223.38283,1.64463,1.216417,-0.428213,0,4.392,4.392,-0.95
16-11-2020  19,22.64639,19.49264,-3.15375,49.25323,283.825,234.57177,1.23843,1.823931,0.585501,0,4.277,4.277,-2.075
16-11-2020  20,22.15643,18.71514,-3.44129,36.50122,279.6861,243.18488,1.31707,1.640444,0.323374,0,4.369,4.369,-1.803
16-11-2020  21,21.84628,18.1793,-3.66698,26.144,279.9389,253.7949,1.36459,1.365972,0.001382,0,4.576,4.576,-1.784
16-11-2020  22,21.45721,17.66333,-3.79388,4.85039,288.7528,283.90241,0.74222,0.9337361,0.1915161,0,4.483,4.483,-1.173
16-11-2020  23,21.21652,17.26403,-3.95249,328.77588,280.1431,-48.63278,1.00935,1.181486,0.172136,0,4.957,4.957,-1.497
17-11-2020  00,20.98651,16.70875,-4.27776,346.93103,285.1042,-61.82683,1.51845,1.527333,0.008883,0,4.306,4.306,-1.502
17-11-2020  01,20.69241,16.64236,-4.05005,334.70575,282.5847,-52.12105,1.15987,1.528514,0.368644,0,4.43,4.43,-1.438
17-11-2020  02,20.73059,15.61778,-5.11281,337.54187,281.4542,-56.08767,0.43871,2.323167,1.884457,51.21461,4.155,-47.05961,0.57
17-11-2020  03,21.69266,15.63611,-6.05655,319.80807,277.6403,-42.16777,0.54036,2.042194,1.501834,205.28531,11.15,-194.13531,63.68
17-11-2020  04,23.28738,16.83722,-6.45016,321.98575,273.4055,-48.58025,0.91335,2.160847,1.247497,374.55621,24.72,-349.83621,209.5
17-11-2020  05,24.91235,18.30375,-6.6086,328.46182,271.3569,-57.10492,1.16276,2.147153,0.984393,505.70663,47.03,-458.67663,388.6
17-11-2020  06,25.90506,20.28597,-5.61909,320.78809,297.2167,-23.57139,2.64994,2.144417,-0.505523,593.72156,71.45,-522.27156,524.5
17-11-2020  07,27.43661,22.13083,-5.30578,301.74472,293.7861,-7.95862,3.74139,3.065389,-0.676001,593.11627,83.5,-509.61627,626.8
17-11-2020  08,27.73569,23.26889,-4.4668,261.15973,249.6319,-11.52783,3.2862,3.69343,0.40723,559.44232,86.2,-473.24232,634.9
17-11-2020  09,26.84375,23.94069,-2.90306,311.37708,182.3097,-129.06738,3.19832,3.7915,0.59318,0,79.98,79.98,585.4
17-11-2020  10,26.27579,24.54125,-1.73454,326.30499,189.7389,-136.56609,4.06375,3.204972,-0.858778,308.01694,65.85,-242.16694,450.5
17-11-2020  11,25.58606,24.50333,-1.08273,296.19403,317.575,21.38097,4.21901,3.524403,-0.694607,126.27628,42.56,-83.71628,252.7
17-11-2020  12,24.65991,23.9768,-0.68311,289.73969,318.9625,29.22281,4.18748,3.421486,-0.765994,0,19.35,19.35,88.8
17-11-2020  13,24.12857,22.89153,-1.23704,314.13641,304.1083,-10.02811,2.52039,2.586319,0.065929,0,6.54,6.54,4.937
17-11-2020  14,23.4454,22.05222,-1.39318,347.11975,305.3445,-41.77525,1.53764,2.364597,0.826957,0,5.693,5.693,-1.567
17-11-2020  15,22.84293,21.08028,-1.76265,4.63457,315.2986,310.66403,1.07965,2.266847,1.187197,0,5.668,5.668,-1.45
17-11-2020  16,22.20358,20.31819,-1.88539,9.114,321.0986,311.9846,1.57356,2.53993,0.96637,0,5.091,5.091,-2.126
17-11-2020  17,21.63132,19.9018,-1.72952,326.27094,329.7389,3.46796,1.03516,2.24293,1.20777,0,5.327,5.327,-2.092
17-11-2020  18,21.16714,19.57819,-1.58895,311.92657,328.9055,16.97893,1.6915,2.052625,0.361125,0,5.375,5.375,-1.786
17-11-2020  19,20.5477,18.38611,-2.16159,325.4754,85.52362,-239.95178,2.24936,0.9195694,-1.3297906,0,5.28,5.28,0.498
17-11-2020  20,20.05411,18.32708,-1.72703,327.70169,230.0611,-97.64059,2.25592,1.519958,-0.735962,0,5.332,5.332,-1.668
17-11-2020  21,19.53491,17.45764,-2.07727,336.32355,179.0083,-157.31525,2.10828,0.8841527,-1.2241273,0,4.997,4.997,-0.455
17-11-2020  22,19.11493,17.32486,-1.79007,335.48779,320.9167,-14.57109,2.0609,1.304708,-0.756192,0,5.391,5.391,-1.311
17-11-2020  23,18.76031,16.62069,-2.13962,329.56854,294.925,-34.64354,2.0378,0.7872638,-1.2505362,0,5.029,5.029,-0.379
18-11-2020  00,18.42899,16.05736,-2.37163,325.64825,312.9722,-12.67605,1.69403,1.610319,-0.083711,0,4.76,4.76,-1.657
18-11-2020  01,18.08804,15.35736,-2.73068,329.18793,277.9445,-51.24343,1.86111,1.548056,-0.313054,0,4.593,4.593,-2.086
18-11-2020  02,18.25711,14.56083,-3.69628,317.07062,281.6097,-35.46092,1.91493,1.589542,-0.325388,65.30688,4.726,-60.58088,0.307
18-11-2020  03,19.27719,15.16153,-4.11566,304.98514,273.2153,-31.76984,1.71866,1.132347,-0.586313,252.18246,11.9,-240.28246,62.28
18-11-2020  04,21.05978,16.55667,-4.50311,318.27563,270.4319,-47.84373,2.14433,0.803625,-1.340705,434.05469,24.45,-409.60469,212.4
18-11-2020  05,22.81042,19.23528,-3.57514,339.43408,239.5667,-99.86738,2.18097,2.413389,0.232419,580.95782,43.38,-537.57782,389.9
18-11-2020  06,23.78897,20.80528,-2.98369,354.01801,171.2986,-182.71941,2.78582,3.011833,0.226013,662.47418,74.07,-588.40418,541.6
18-11-2020  07,25.0867,21.75125,-3.33545,4.83987,276.1583,271.31843,2.57835,2.534208,-0.044142,665.91766,82,-583.91766,613.6
18-11-2020  08,26.13553,22.53666,-3.59887,280.74561,272.4431,-8.30251,2.84297,2.353806,-0.489164,621.44012,82,-539.44012,604
18-11-2020  09,25.72198,23.27847,-2.44351,301.90375,258.8042,-43.09955,2.30905,2.221903,-0.087147,0,73.7,73.7,526.2
18-11-2020  10,25.27185,23.13527,-2.13658,297.23865,308.4458,11.20715,4.09015,3.142153,-0.947997,335.88687,60.34,-275.54687,391.2
18-11-2020  11,24.81235,23.09194,-1.72041,304.53506,303.1847,-1.35036,4.05077,2.560555,-1.490215,139.64285,38.94,-100.70285,226.4
18-11-2020  12,23.90335,22.60958,-1.29377,304.06213,300.7653,-3.29683,3.41207,2.35018,-1.06189,0,18.05,18.05,81.5
18-11-2020  13,23.24438,21.52014,-1.72424,310.44336,317.7861,7.34274,2.59952,1.217625,-1.381895,0,7.399,7.399,5.326
18-11-2020  14,22.58621,20.73333,-1.85288,344.94922,185.1944,-159.75482,1.93477,1.253403,-0.681367,0,6.386,6.386,0.37
18-11-2020  15,21.92014,20.27056,-1.64958,358.9549,33.25972,-325.69518,1.98523,1.322056,-0.663174,0,6.35,6.35,0.531
18-11-2020  16,21.40509,19.73042,-1.67467,4.2554,27.39722,23.14182,1.92574,1.612014,-0.313726,0,5.861,5.861,-0.255
18-11-2020  17,20.86893,18.67805,-2.19088,8.84908,64.425,55.57592,1.60946,0.6330138,-0.9764462,0,5.335,5.335,1.191
18-11-2020  18,20.3667,17.94611,-2.42059,14.22681,87.92083,73.69402,1.03298,0.5537916,-0.4791884,0,5.168,5.168,0.737
18-11-2020  19,20.01123,17.35361,-2.65762,13.26665,128.8014,115.53475,1.42286,0.5368611,-0.8859989,0,4.345,4.345,0.178
18-11-2020  20,19.66153,16.53208,-3.12945,348.74335,61.58472,-287.15863,1.30948,0.7745833,-0.5348967,0,5.07,5.07,-0.231
18-11-2020  21,19.37808,15.99681,-3.38127,318.33875,102.557,-215.78175,1.28056,0.7000694,-0.5804906,0,4.404,4.404,0.29
18-11-2020  22,19.05142,15.96583,-3.08559,320.42786,91.37083,-229.05703,1.3869,0.6634583,-0.7234417,0,4.433,4.433,-0.12
18-11-2020  23,18.7699,15.52181,-3.24809,307.29532,91.70973,-215.58559,1.34456,0.5867222,-0.7578378,0,4.485,4.485,0.143
19-11-2020  00,18.24783,15.20486,-3.04297,237.07605,142.0722,-95.00385,1.02671,0.3732916,-0.6534184,0,4.047,4.047,-0.053
19-11-2020  01,17.8909,15.13764,-2.75326,259.47351,178.8667,-80.60681,1.19167,0.6754306,-0.5162394,0,4.034,4.034,0.058
19-11-2020  02,17.77814,14.46861,-3.30953,250.85934,182.0736,-68.78574,1.07983,0.4716805,-0.6081495,59.51555,4.372,-55.14355,1.631
19-11-2020  03,18.89001,14.70514,-4.18487,279.08142,214.2306,-64.85082,1.31795,0.5077639,-0.8101861,246.02344,10.89,-235.13344,51.74
19-11-2020  04,20.76834,15.775,-4.99334,291.40787,296.1125,4.70463,1.24999,1.843847,0.593857,431.42462,24.8,-406.62462,188.3
19-11-2020  05,22.79443,17.77472,-5.01971,315.67374,278.7389,-36.93484,1.01376,1.286125,0.272365,576.32849,36.66,-539.66849,328.9
19-11-2020  06,24.33621,21.15736,-3.17885,300.32004,229.7167,-70.60334,2.35093,0.9112778,-1.4396522,651.84778,66.04,-585.80778,474.6
19-11-2020  07,25.43185,21.89472,-3.53713,342.17407,248.1486,-94.02547,1.11676,2.148264,1.031504,667.12933,77.3,-589.82933,558.7
19-11-2020  08,26.21539,22.47361,-3.74178,358.04858,271.6347,-86.41388,4.17457,2.69643,-1.47814,638.10425,81,-557.10425,589.6
19-11-2020  09,25.70602,23.3907,-2.31532,304.46335,295.2325,-9.23085,2.8835,2.327209,-0.556291,0,70,70,483.5
19-11-2020  10,25.20276,23.43431,-1.76845,312.06439,296.8236,-15.24079,4.27317,3.26575,-1.00742,324.09924,61.99,-262.10924,401.8
19-11-2020  11,24.5871,23.64417,-0.94293,318.88177,302.25,-16.63177,4.6641,2.395292,-2.268808,137.13159,41.35,-95.78159,240.2
19-11-2020  12,23.56094,23.06222,-0.49872,294.42554,195.7319,-98.69364,4.66773,2.286667,-2.381063,0,18.37,18.37,80.5
19-11-2020  13,22.89398,22.03,-0.86398,341.99286,165.4764,-176.51646,3.37854,1.893042,-1.485498,0,7.694,7.694,4.266
19-11-2020  14,22.13425,21.23708,-0.89717,346.09222,159.4875,-186.60472,2.30881,2.124389,-0.184421,0,6.757,6.757,-1.265
19-11-2020  15,21.33893,19.99111,-1.34782,354.07098,36.78472,-317.28626,2.21961,1.975541,-0.244069,0,6.345,6.345,-1.35
19-11-2020  16,20.67535,18.34486,-2.33049,354.81152,92,-262.81152,1.94439,1.076208,-0.868182,0,5.692,5.692,0.401
19-11-2020  17,20.14517,17.55042,-2.59475,339.35748,97.67917,-241.67831,1.73929,1.002472,-0.736818,0,5.069,5.069,0
19-11-2020  18,19.68811,16.73,-2.95811,335.25223,65.65139,-269.60084,1.97032,0.7264306,-1.2438894,0,5.655,5.655,0.596
19-11-2020  19,19.15543,16.13847,-3.01696,325.15451,173.9528,-151.20171,1.38297,0.3729305,-1.0100395,0,5.698,5.698,0.127
19-11-2020  20,18.85782,15.8325,-3.02532,324.63544,272.632,-52.00344,1.8244,0.7723333,-1.0520667,0,4.781,4.781,0.357
19-11-2020  21,18.3017,15.13889,-3.16281,302.59183,282.5653,-20.02653,1.03683,1.184444,0.147614,0,5.151,5.151,-0.754
19-11-2020  22,17.96997,14.71708,-3.25289,301.32983,295.925,-5.40483,1.19498,0.8943472,-0.3006328,0,5.22,5.22,0.166
19-11-2020  23,17.61981,15.63875,-1.98106,295.41275,330.0778,34.66505,1.10451,2.188028,1.083518,0,5.108,5.108,-2.326
20-11-2020  00,17.2973,15.44792,-1.84938,293.5181,291.1792,-2.3389,1.45149,1.891361,0.439871,0,5.382,5.382,-2.561
20-11-2020  01,17.02661,15.06222,-1.96439,297.72778,325.2653,27.53752,1.97396,1.446542,-0.527418,0,5.394,5.394,-1.343
20-11-2020  02,17.13211,14.69125,-2.44086,301.02917,321.5667,20.53753,1.54151,1.518722,-0.022788,61.15268,5.467,-55.68568,0.679
20-11-2020  03,18.64377,14.44917,-4.1946,315.64081,288.6875,-26.95331,2.70746,2.08493,-0.62253,251.18646,15.01,-236.17646,73.68
20-11-2020  04,20.65991,14.23708,-6.42283,321.26184,275.2333,-46.02854,3.62436,2.803722,-0.820638,438.07559,30.19,-407.88559,223.1
20-11-2020  05,22.70517,16.05069,-6.65448,325.58783,290.6208,-34.96703,4.09228,2.722597,-1.369683,586.62622,45.85,-540.77622,396.3
20-11-2020  06,24.4213,18.31167,-6.10963,328.82977,299.9167,-28.91307,4.92936,2.641903,-2.287457,671.15454,72.57,-598.58454,530.2
20-11-2020  07,25.35846,20.37264,-4.98582,303.48279,313.3514,9.86861,6.16755,3.38418,-2.78337,685.85242,84.4,-601.45242,615.1
20-11-2020  08,25.35284,21.94083,-3.41201,307.6684,317.1833,9.5149,7.48393,4.208694,-3.275236,634.89465,86.5,-548.39465,623.6
20-11-2020  09,25.59515,23.10194,-2.49321,316.38208,321.9181,5.53602,4.61633,4.978722,0.362392,0,80.8,80.8,568
20-11-2020  10,25.17313,23.70541,-1.46772,300.03528,319.0333,18.99802,5.72997,4.972958,-0.757012,338.38364,65.42,-272.96364,428.1
20-11-2020  11,24.32007,23.67042,-0.64965,307.79446,301.6306,-6.16386,6.9474,5.173972,-1.773428,143.83122,42.89,-100.94122,246.3
20-11-2020  12,23.44321,23.2443,-0.19891,315.14459,291.3944,-23.75019,4.22728,3.811166,-0.416114,0,19.7,19.7,88.1
20-11-2020  13,22.42438,22.06292,-0.36146,310.57022,332.8306,22.26038,2.94667,2.785056,-0.161614,0,7.102,7.102,3.597
20-11-2020  14,21.45358,20.90694,-0.54664,321.64636,325.8889,4.24254,1.75124,2.587653,0.836413,0,6.184,6.184,-2.268
20-11-2020  15,20.70984,19.88597,-0.82387,331.76453,300.4667,-31.29783,1.27944,1.987361,0.707921,0,6.055,6.055,-1.98
20-11-2020  16,20.11093,18.68583,-1.4251,290.91351,292.3875,1.47399,0.73671,2.544694,1.807984,0,5.771,5.771,-2.529
20-11-2020  17,19.40942,17.93139,-1.47803,198.84491,295.8278,96.98289,0.97545,2.612667,1.637217,0,5.431,5.431,-2.532
20-11-2020  18,18.75336,17.58764,-1.16572,252.83023,297.4097,44.57947,0.86665,2.546222,1.679572,0,5.469,5.469,-2.528
20-11-2020  19,18.26321,16.96305,-1.30016,246.93326,296.1861,49.25284,0.76593,2.312111,1.546181,0,5.657,5.657,-2.523
20-11-2020  20,17.74057,15.86542,-1.87515,249.80939,288.243,38.43361,0.82331,2.519528,1.696218,0,5.68,5.68,-2.873
20-11-2020  21,17.3241,14.35972,-2.96438,224.75894,285.1278,60.36886,0.67634,1.939208,1.262868,0,5.792,5.792,-2.696
20-11-2020  22,16.91418,14.69833,-2.21585,283.59439,296.2958,12.70141,0.43248,2.381305,1.948825,0,5.547,5.547,-2.732
20-11-2020  23,16.56967,13.89903,-2.67064,276.20398,283.4625,7.25852,0.46282,2.628889,2.166069,0,5.417,5.417,-2.945
21-11-2020  00,16.16287,12.17222,-3.99065,301.61542,286.0028,-15.61262,1.02594,2.844458,1.818518,0,5.105,5.105,-2.736
21-11-2020  01,15.88785,11.46,-4.42785,302.64343,287.3694,-15.27403,1.53151,2.960444,1.428934,0,4.893,4.893,-2.727
21-11-2020  02,16.10669,11.35625,-4.75044,310.01746,284.907,-25.11046,2.47452,2.609583,0.135063,64.2928,5.039,-59.2538,-0.642
21-11-2020  03,17.61224,11.59486,-6.01738,313.84164,280.0181,-33.82354,3.93994,2.361194,-1.578746,262.31616,13.46,-248.85616,61.26
21-11-2020  04,19.61746,13.52083,-6.09663,317.65088,297.4528,-20.19808,4.8767,2.835222,-2.041478,451.1937,30.49,-420.7037,217.3
21-11-2020  05,21.62607,15.69528,-5.93079,318.16382,295.5667,-22.59712,5.71919,2.552028,-3.167162,600.91376,44.21,-556.70376,386.1
21-11-2020  06,23.30066,18.23583,-5.06483,316.22107,311.4389,-4.78217,6.26123,3.057278,-3.203952,688.69366,72.15,-616.54366,524.2
21-11-2020  07,24.2052,20.45722,-3.74798,320.70776,317.718,-2.98976,7.30957,4.725792,-2.583778,706.35431,85.4,-620.95431,611.3
21-11-2020  08,24.47015,21.91882,-2.55133,326.89447,312.6742,-14.22027,8.35616,6.063483,-2.292677,655.94141,89.5,-566.44141,640.6
21-11-2020  09,24.46176,22.29917,-2.16259,313.39832,288.3583,-25.04002,5.86904,5.667222,-0.201818,0,81.8,81.8,569.9
21-11-2020  10,24.08435,22.51222,-1.57213,311.00232,309.6403,-1.36202,7.98739,5.445056,-2.542334,355.71667,65.97,-289.74667,424
21-11-2020  11,23.25284,22.50236,-0.75048,294.44983,323.8222,29.37237,8.68971,4.798041,-3.891669,153.12509,44.47,-108.65509,252.5
21-11-2020  12,22.55518,21.9825,-0.57268,311.51773,321.6833,10.16557,4.85958,4.136069,-0.723511,0,19.7,19.7,86.7
21-11-2020  13,21.73904,20.81458,-0.92446,304.8728,319.8014,14.9286,3.28772,2.479097,-0.808623,0,7.299,7.299,3.725
21-11-2020  14,20.89694,19.56236,-1.33458,310.39554,286.7417,-23.65384,1.87901,1.857472,-0.021538,0,6.668,6.668,-2.092
21-11-2020  15,20.29803,18.02403,-2.274,333.93958,290.6583,-43.28128,1.12793,2.441764,1.313834,0,6.022,6.022,-2.131
21-11-2020  16,19.68665,17.06125,-2.6254,305.35291,289.6708,-15.68211,1.65006,2.219972,0.569912,0,5.854,5.854,-2.065
21-11-2020  17,19.1409,16.40945,-2.73145,302.11118,289.1708,-12.94038,1.0592,2.405056,1.345856,0,5.667,5.667,-2.331
21-11-2020  18,18.66867,16.10056,-2.56811,280.57535,296.3111,15.73575,1.12326,2.25175,1.12849,0,5.452,5.452,-2.252
21-11-2020  19,17.90771,16.05042,-1.85729,245.32559,318.6694,73.34381,1.04887,2.132375,1.083505,0,5.69,5.69,-1.809
21-11-2020  20,17.43665,15.6843,-1.75235,257.01462,302.3292,45.31458,1.5169,1.709097,0.192197,0,5.581,5.581,-1.737
21-11-2020  21,17.01306,14.57444,-2.43862,265.3512,242.4639,-22.8873,1.5606,0.7771666,-0.7834334,0,5.382,5.382,-0.267
21-11-2020  22,16.66074,13.02042,-3.64032,269.5838,231.9389,-37.6449,1.83824,1.038097,-0.800143,0,5.12,5.12,-1.007
21-11-2020  23,16.28601,13.05292,-3.23309,281.82236,269.8542,-11.96816,2.34096,2.160333,-0.180627,0,4.759,4.759,-2.711
22-11-2020  00,15.75534,11.72167,-4.03367,273.50302,292.5889,19.08588,2.40524,2.594125,0.188885,0,4.686,4.686,-2.677
22-11-2020  01,15.22324,11.02333,-4.19991,267.0614,291.2153,24.1539,2.21607,1.778014,-0.438056,0,5.326,5.326,-2.357
22-11-2020  02,15.0719,11.0382,-4.0337,269.54758,280.4431,10.89552,2.1492,1.191486,-0.957714,61.80497,5.514,-56.29097,-0.293
22-11-2020  03,16.36371,11.67778,-4.68593,285.1319,261.4986,-23.6333,2.4035,1.754319,-0.649181,259.70346,15.02,-244.68346,67.84
22-11-2020  04,18.55289,13.29861,-5.25428,302.41431,269.9667,-32.44761,2.63271,2.373972,-0.258738,449.14722,31.33,-417.81722,227
22-11-2020  05,21.08182,15.51875,-5.56307,308.33453,287.4417,-20.89283,3.04923,2.444153,-0.605077,590.90906,47.14,-543.76906,411.5
22-11-2020  06,23.06775,17.94375,-5.124,310.41116,296.1722,-14.23896,3.91014,2.55525,-1.35489,673.53778,64.59,-608.94778,480.2
22-11-2020  07,23.8443,19.7825,-4.0618,340.68921,323.3264,-17.36281,5.42025,3.568319,-1.851931,685.5929,87.6,-597.9929,647.6
22-11-2020  08,24.65863,21.08916,-3.56947,351.08286,305.7847,-45.29816,6.6213,3.419792,-3.201508,626.00385,81.3,-544.70385,578.2
22-11-2020  09,24.33047,22.17083,-2.15964,313.7323,284.4264,-29.3059,3.33164,3.782944,0.451304,0,76.21,76.21,522.7
22-11-2020  10,24.40439,22.80847,-1.59592,303.94601,241.65,-62.29601,3.77158,4.083875,0.312295,341.8989,65.27,-276.6289,423.6
22-11-2020  11,23.79782,22.94791,-0.84991,301.70718,254.4653,-47.24188,4.50493,3.101736,-1.403194,145.87143,42.76,-103.11143,250.4
22-11-2020  12,22.75424,22.35417,-0.40007,303.40146,312.6681,9.26664,3.22096,2.096306,-1.124654,0,13.89,13.89,62.5
22-11-2020  13,21.97687,20.9843,-0.99257,311.44299,304.5028,-6.94019,1.38839,1.449333,0.060943,0,6.741,6.741,3.806
22-11-2020  14,21.65094,19.98486,-1.66608,296.50189,298.0764,1.57451,0.86799,1.692055,0.824065,0,5.422,5.422,-0.652
22-11-2020  15,21.41962,18.88389,-2.53573,285.694,147.3,-138.394,0.60912,0.8518056,0.2426856,0,5.818,5.818,0.582
22-11-2020  16,20.67566,17.69236,-2.9833,281.4534,184.5972,-96.8562,1.24997,0.3420972,-0.9078728,0,5.366,5.366,0.9
22-11-2020  17,19.70602,17.10014,-2.60588,255.25516,192.4542,-62.80096,1.36064,0.6760834,-0.6845566,0,4.866,4.866,0.709
22-11-2020  18,18.51233,16.06625,-2.44608,258.64703,208.4792,-50.16783,1.33666,0.833111,-0.503549,0,4.612,4.612,0.335
22-11-2020  19,17.74341,14.9618,-2.78161,249.32391,180.8361,-68.48781,1.13701,0.455375,-0.681635,0,5.239,5.239,0.064
22-11-2020  20,17.30225,14.14208,-3.16017,258.46332,149.0333,-109.43002,0.96439,0.4315972,-0.5327928,0,4.467,4.467,0.306
22-11-2020  21,16.82645,13.42056,-3.40589,259.07532,244.6264,-14.44892,0.90138,0.4640416,-0.4373384,0,5.152,5.152,0.666
22-11-2020  22,16.41458,13.34903,-3.06555,207.79047,288.6111,80.82063,0.90585,1.235083,0.329233,0,5.032,5.032,-0.219
22-11-2020  23,16.25949,13.20792,-3.05157,223.76488,291.1472,67.38232,0.97342,1.146111,0.172691,0,4.634,4.634,-1.184
23-11-2020  00,16.04993,12.96583,-3.0841,230.60764,251.7,21.09236,1.30915,1.309736,0.000586,0,4.73,4.73,-1.154
23-11-2020  01,15.96475,12.39292,-3.57183,252.83508,236.975,-15.86008,1.20256,0.6384444,-0.5641156,0,4.266,4.266,-0.251
23-11-2020  02,15.95203,12.08583,-3.8662,238.46777,252.6986,14.23083,1.09053,0.6790694,-0.4114606,55.65609,4.778,-50.87809,1.811
23-11-2020  03,17.62659,12.70667,-4.91992,264.90778,238.1194,-26.78838,1.3954,0.7834722,-0.6119278,245.34669,12.88,-232.46669,59.08
23-11-2020  04,19.34561,14.48889,-4.85672,272.0571,293.8583,21.8012,1.63736,1.132806,-0.504554,431.5332,26.71,-404.8232,204.2
23-11-2020  05,21.75906,18.11528,-3.64378,260.72504,234.4875,-26.23754,0.28626,0.7905972,0.5043372,574.95813,42.2,-532.75813,364
23-11-2020  06,23.5798,21.22458,-2.35522,321.2662,219.7944,-101.4718,1.22048,0.7834861,-0.4369939,656.42596,68.59,-587.83596,483.2
23-11-2020  07,25.03622,22.76597,-2.27025,303.03473,206.0083,-97.02643,0.65985,1.010361,0.350511,682.15515,70.52,-611.63515,513.6
23-11-2020  08,26.12991,23.46778,-2.66213,178.78909,211.9375,33.14841,0.41728,1.093153,0.675873,619.85229,69.37,-550.48229,498.2
23-11-2020  09,25.72424,23.38292,-2.34132,177.45718,246.7458,69.28862,0.69998,1.449486,0.749506,0,52.72,52.72,368.7
23-11-2020  10,25.60242,23.93153,-1.67089,203.05444,202.7681,-0.28634,2.15387,1.129375,-1.024495,329.77756,46.02,-283.75756,295.8
23-11-2020  11,25.26575,23.93167,-1.33408,224.95142,279.125,54.17358,2.26069,1.388569,-0.872121,131.79092,38.29,-93.50092,224.3
23-11-2020  12,23.9744,23.0843,-0.8901,190.44395,26.69583,-163.74812,3.00513,1.412583,-1.592547,0,16.81,16.81,72.83
23-11-2020  13,22.9845,21.69847,-1.28603,271.33344,91.84028,-179.49316,1.5655,1.408708,-0.156792,0,6.228,6.228,5.444
23-11-2020  14,22.59705,19.74417,-2.85288,354.82031,86.06666,-268.75365,1.25832,1.208181,-0.050139,0,4.954,4.954,-0.364
23-11-2020  15,22.04727,19.10819,-2.93908,27.16188,98.08334,70.92146,1.21768,1.094083,-0.123597,0,5.351,5.351,1.092
23-11-2020  16,21.40784,18.40903,-2.99881,51.57564,83.54722,31.97158,1.17767,1.043778,-0.133892,0,4.915,4.915,-0.314
23-11-2020  17,20.61462,17.17,-3.44462,89.8514,87.50417,-2.34723,1.22401,0.9295416,-0.2944684,0,4.948,4.948,0.562
23-11-2020  18,19.49112,16.56347,-2.92765,137.54785,116.4833,-21.06455,0.98246,0.9257778,-0.0566822,0,4.371,4.371,0.268
23-11-2020  19,19.68625,15.53486,-4.15139,192.34332,127.7042,-64.63912,0.71473,0.7870555,0.0723255,0,4.037,4.037,0.068
23-11-2020  20,18.48407,15.42458,-3.05949,271.89175,180.9083,-90.98345,0.53306,0.6241388,0.0910788,0,4.783,4.783,-0.203
23-11-2020  21,18.29431,14.67375,-3.62056,244.01233,127.8125,-116.19983,0.54042,0.6345694,0.0941494,0,4.508,4.508,0.353
23-11-2020  22,18.02625,14.48958,-3.53667,135.24951,176.375,41.12549,0.81154,0.6458889,-0.1656511,0,3.943,3.943,0.252
23-11-2020  23,17.7142,13.64778,-4.06642,137.76891,146.1347,8.36579,1.00488,0.4969166,-0.5079634,0,4.446,4.446,-0.071
24-11-2020  00,17.07877,12.71361,-4.36516,130.3125,106.1944,-24.1181,1.14779,0.5892638,-0.5585262,0,3.825,3.825,0.065
24-11-2020  01,16.95038,12.78875,-4.16163,131.34665,87.325,-44.02165,1.28915,1.323028,0.033878,0,3.512,3.512,-0.154
24-11-2020  02,17.02618,13.17667,-3.84951,120.75693,153.4778,32.72087,1.37994,0.6979027,-0.6820373,43.82405,4.377,-39.44705,2.156
24-11-2020  03,18.44879,14.14556,-4.30323,127.51962,197.2139,69.69428,0.45776,0.5834722,0.1257122,172.24908,11.84,-160.40908,55.28
24-11-2020  04,20.53922,16.2593,-4.27992,145.51923,210.6889,65.16967,0.73948,0.6150417,-0.1244383,358.15912,22.45,-335.70912,176.3
24-11-2020  05,22.46097,19.15097,-3.31,154.51083,251.3069,96.79607,0.77985,0.9224026,0.1425526,472.93457,38.99,-433.94457,330
24-11-2020  06,23.96378,21.34514,-2.61864,156.28365,225.9264,69.64275,0.62757,1.410514,0.782944,571.85553,62.39,-509.46553,423.2
24-11-2020  07,25.01996,23.32319,-1.69677,178.53299,186.9639,8.43091,1.99778,1.201181,-0.796599,539.6405,74.21,-465.4305,529.4
24-11-2020  08,25.58994,23.45833,-2.13161,143.06873,195.8486,52.77987,1.76004,1.420806,-0.339234,500.16714,43.38,-456.78714,293.6
24-11-2020  09,25.11176,23.48458,-1.62718,65.59156,192.8194,127.22784,1.07846,1.533375,0.454915,0,54.11,54.11,364.1
24-11-2020  10,25.02283,23.91041,-1.11242,213.02023,150.7153,-62.30493,0.15401,1.014778,0.860768,215.75378,29.27,-186.48378,186
24-11-2020  11,24.70877,22.92972,-1.77905,149.74071,58.27083,-91.46988,0.7912,1.863653,1.072453,77.42645,14.37,-63.05645,80.5
24-11-2020  12,23.52942,22.37111,-1.15831,176.70865,105.2875,-71.42115,2.59554,1.706875,-0.888665,0,8.46,8.46,35.14
24-11-2020  13,22.64529,21.34972,-1.29557,258.91141,113.9292,-144.98221,1.40698,1.455361,0.048381,0,5.001,5.001,3.092
24-11-2020  14,22.2645,19.53861,-2.72589,157.9996,81.12083,-76.87877,0.92496,1.629347,0.704387,0,4.251,4.251,-0.62
24-11-2020  15,21.41833,18.29903,-3.1193,113.83828,63.68889,-50.14939,1.55377,1.061153,-0.492617,0,4.952,4.952,-0.389
24-11-2020  16,20.90668,17.61833,-3.28835,105.94664,101.4361,-4.51054,1.85286,1.618625,-0.234235,0,4.356,4.356,-0.288
24-11-2020  17,20.4082,16.70194,-3.70626,110.34521,110.4292,0.08399,1.80335,1.022639,-0.780711,0,4.552,4.552,-0.074
24-11-2020  18,19.91931,16.7218,-3.19751,111.62364,118.1792,6.55556,1.81001,1.444889,-0.365121,0,3.581,3.581,-0.383
24-11-2020  19,19.52426,16.9525,-2.57176,108.49392,114.5806,6.08668,1.86075,1.17332,-0.68743,0,2.706,2.706,-0.005
24-11-2020  20,19.19379,16.43444,-2.75935,102.86936,122.0236,19.15424,1.64635,1.566556,-0.079794,0,2.696,2.696,-0.654
25-11-2020  09,25.14294,22.07694,-3.066,58.70399,114.1083,55.40431,2.36059,2.287542,-0.073048,0,24.06,24.06,154.1
25-11-2020  10,24.8187,21.58861,-3.23009,66.98293,93.79583,26.8129,3.70295,2.830667,-0.872283,141.48489,13.01,-128.47489,81.5
25-11-2020  11,24.42209,21.32069,-3.1014,33.91341,45.08889,11.17548,3.51031,1.774458,-1.735852,90.194,11.27,-78.924,63.27
25-11-2020  12,23.41083,20.75972,-2.65111,52.37152,54.40694,2.03542,3.80358,1.982736,-1.820844,0,9.89,9.89,41.14
25-11-2020  13,22.59811,19.51028,-3.08783,50.82913,57.45,6.62087,3.4618,2.201472,-1.260328,0,4.339,4.339,2.1
25-11-2020  14,21.84863,18.73097,-3.11766,51.21928,72.80278,21.5835,2.68457,2.90993,0.22536,0,3.205,3.205,-0.951
25-11-2020  15,21.16263,18.16014,-3.00249,56.96892,83.27222,26.3033,2.89727,3.270625,0.373355,0,3.04,3.04,-1.067
25-11-2020  16,20.49545,18.13986,-2.35559,57.0545,90.15834,33.10384,2.33267,3.664694,1.332024,0,3.109,3.109,-1.379
25-11-2020  17,19.89896,17.99458,-1.90438,48.14386,95.74722,47.60336,2.45289,3.088541,0.635651,0,3.511,3.511,-1.602
25-11-2020  18,19.41318,17.73847,-1.67471,47.87827,104.1681,56.28983,2.62937,1.983958,-0.645412,0,3.044,3.044,-0.831
25-11-2020  19,18.98062,17.42861,-1.55201,41.42929,134.4639,93.03461,2.14736,0.8708334,-1.2765266,0,2.73,2.73,-0.014
25-11-2020  20,18.59128,16.9493,-1.64198,31.81273,198.157,166.34427,2.58734,0.9678888,-1.6194512,0,2.584,2.584,-0.392
25-11-2020  21,18.21375,17.01361,-1.20014,22.71448,262.9528,240.23832,2.31128,2.02118,-0.2901,0,2.063,2.063,-0.599
25-11-2020  22,17.88876,16.57861,-1.31015,16.55974,149.5306,132.97086,2.64884,2.313764,-0.335076,0,2.752,2.752,-1.366
25-11-2020  23,17.5936,16.27472,-1.31888,16.85814,221.2639,204.40576,2.64202,0.8548472,-1.7871728,0,2.412,2.412,-0.25
26-11-2020  00,17.35654,16.47972,-0.87682,11.16081,162.1278,150.96699,2.38125,0.8037917,-1.5774583,0,1.913,1.913,0.009
26-11-2020  01,17.18109,16.12625,-1.05484,11.64015,76.26389,64.62374,2.47523,1.104556,-1.370674,0,2.499,2.499,-0.631
26-11-2020  02,17.24777,15.66875,-1.57902,9.8295,45.33333,35.50383,2.59171,1.638375,-0.953335,41.52746,3.689,-37.83846,-0.709
26-11-2020  03,18.64053,15.74014,-2.90039,15.92355,36.48472,20.56117,3.50795,1.672486,-1.835464,197.98671,7.704,-190.28271,31.36
26-11-2020  04,20.65228,17.07431,-3.57797,17.98177,50.06806,32.08629,3.79882,2.612361,-1.186459,358.43011,21.56,-336.87011,165.9
26-11-2020  05,22.64575,18.94778,-3.69797,8.87209,60.425,51.55291,4.21054,4.206666,-0.003874,495.8407,40.99,-454.8507,334.5
26-11-2020  06,24.0939,20.55569,-3.53821,10.35429,61.44861,51.09432,5.0649,3.600861,-1.464039,593.01965,66.52,-526.49965,474.8
26-11-2020  07,25.05725,22.15472,-2.90253,359.26575,55.93611,-303.32964,5.82346,2.413569,-3.409891,610.2309,72.47,-537.7609,553.5
26-11-2020  08,25.88608,22.92416,-2.96192,347.74713,76.4875,-271.25963,4.92888,3.045972,-1.882908,559.72504,73.96,-485.76504,555.4
26-11-2020  09,25.53998,23.67416,-1.86582,20.49915,131.9042,111.40505,2.0854,2.629139,0.543739,0,68.25,68.25,496.4
26-11-2020  10,25.3381,24.12,-1.2181,339.23419,111.9097,-227.32449,2.27394,2.628333,0.354393,282.37823,54.43,-227.94823,375.8
26-11-2020  11,25.09711,24.04111,-1.056,12.29378,79.32778,67.034,2.57038,2.976694,0.406314,105.79225,33.23,-72.56225,205
26-11-2020  12,24.00327,23.61847,-0.3848,345.06091,71.92083,-273.14008,4.79188,2.645278,-2.146602,0,16.07,16.07,76.03
26-11-2020  13,22.85446,22.48833,-0.36613,345.34747,140.2597,-205.08777,3.73548,2.920097,-0.815383,0,6.136,6.136,3.103
26-11-2020  14,21.75613,21.47028,-0.28585,344.97125,285.925,-59.04625,3.12892,3.055069,-0.073851,0,5.075,5.075,-2.075
26-11-2020  15,20.90112,20.4043,-0.49682,335.71713,252.8833,-82.83383,2.82037,3.762153,0.941783,0,4.594,4.594,-2.429
26-11-2020  16,20.18787,19.47944,-0.70843,344.96381,241.0958,-103.86801,2.84086,2.889139,0.048279,0,4.937,4.937,-2.462
26-11-2020  17,19.59161,18.90333,-0.68828,338.6734,227.3222,-111.3512,2.91631,2.478639,-0.437671,0,5.183,5.183,-2.412
26-11-2020  18,19.03735,18.51305,-0.5243,335.21588,332.1819,-3.03398,2.71511,3.191861,0.476751,0,4.485,4.485,-2.597
26-11-2020  19,18.57489,17.98486,-0.59003,330.5802,331.5569,0.9767,2.56034,2.670625,0.110285,0,4.81,4.81,-2.593
26-11-2020  20,18.11481,17.43236,-0.68245,323.10699,203.6403,-119.46669,2.67128,2.402542,-0.268738,0,5.127,5.127,-2.499
26-11-2020  21,17.64182,16.37486,-1.26696,321.72318,193.1417,-128.58148,2.96596,2.129847,-0.836113,0,5.212,5.212,-2.375
26-11-2020  22,17.18491,15.73889,-1.44602,318.55386,319.8556,1.30174,3.04639,2.336097,-0.710293,0,4.761,4.761,-2.536
26-11-2020  23,16.85703,15.20125,-1.65578,318.15857,313.7681,-4.39047,3.03672,2.019986,-1.016734,0,4.945,4.945,-2.429
27-11-2020  00,16.62204,14.35722,-2.26482,317.09299,296.6931,-20.39989,2.76846,2.252847,-0.515613,0,4.765,4.765,-2.436
27-11-2020  01,16.42725,12.93153,-3.49572,307.2923,285.1555,-22.1368,2.47382,2.757833,0.284013,0,4.469,4.469,-2.543
27-11-2020  02,16.3645,12.36542,-3.99908,305.48181,272.6639,-32.81791,2.86164,2.206153,-0.655487,45.35004,4.689,-40.66104,-1.386
27-11-2020  03,17.47043,12.36458,-5.10585,314.03345,275.2139,-38.81955,3.20966,2.044042,-1.165618,224.97531,13.01,-211.96531,62.17
27-11-2020  04,19.29071,13.63514,-5.65557,314.8638,277.5083,-37.3555,3.19601,2.343292,-0.852718,407.68851,28.02,-379.66851,222.7
27-11-2020  05,21.6879,15.2693,-6.4186,318.23715,289.0056,-29.23155,3.09352,3.093472,-0.000048,551.92548,45.12,-506.80548,394
27-11-2020  06,24.07452,18.16736,-5.90716,317.19696,309.0014,-8.19556,3.37334,3.065111,-0.308229,637.09656,71.87,-565.22656,537.4
27-11-2020  07,26.05563,20.8475,-5.20813,312.45062,311.9055,-0.54512,3.31907,3.010569,-0.308501,655.76868,81.4,-574.36868,618
27-11-2020  08,26.39163,22.93972,-3.45191,315.81195,289.9958,-25.81615,5.88352,3.370972,-2.512548,605.72369,83,-522.72369,623.7
27-11-2020  09,25.32755,24.15208,-1.17547,320.13547,310.907,-9.22847,3.54065,3.470555,-0.070095,0,76.87,76.87,557.4
27-11-2020  10,25.37335,24.88736,-0.48599,315.31601,325.0528,9.73679,5.88949,4.087,-1.80249,328.05368,63.23,-264.82368,422.8
27-11-2020  11,24.90109,25.06472,0.16363,320.02472,322.3528,2.32808,4.33718,3.828944,-0.508236,137.71111,43.45,-94.26111,258.6
27-11-2020  12,23.70792,24.53375,0.82583,324.37091,313.1639,-11.20701,3.19977,2.933514,-0.266256,0,19.08,19.08,87.1
27-11-2020  13,22.62885,22.88958,0.26073,299.55453,309.4278,9.87327,2.44871,2.288194,-0.160516,0,7.316,7.316,3.61
27-11-2020  14,21.48663,21.42944,-0.05719,292.08862,297.1583,5.06968,2.21156,2.228167,0.016607,0,6.268,6.268,-2.056
27-11-2020  15,20.57928,19.91215,-0.66713,279.94974,296.3039,16.35416,1.91272,1.957597,0.044877,0,5.932,5.932,-1.767
27-11-2020  16,19.72937,19.50597,-0.2234,268.74289,299.9,31.15711,1.75153,1.835083,0.083553,0,5.94,5.94,-2.03
27-11-2020  17,18.99619,19.025,0.02881,268.17706,287.1056,18.92854,1.90804,1.715819,-0.192221,0,5.75,5.75,-2.436
27-11-2020  18,18.28192,18.26736,-0.01456,274.5105,275.5945,1.084,2.292,1.791542,-0.500458,0,5.517,5.517,-2.517
27-11-2020  19,17.56659,16.34122,-1.22537,271.95782,285.1451,13.18728,2.39733,2.040458,-0.356872,0,5.246,5.246,-2.359
27-11-2020  20,16.86276,15.29167,-1.57109,270.13239,285.3111,15.17871,2.54224,2.188208,-0.354032,0,5.188,5.188,-2.393
27-11-2020  21,16.08118,14.83528,-1.2459,269.56445,278.6667,9.10225,2.73917,2.108736,-0.630434,0,5.193,5.193,-2.642
27-11-2020  22,15.40396,14.09722,-1.30674,270.98566,279.9055,8.91984,2.80447,2.21125,-0.59322,0,4.979,4.979,-2.658
27-11-2020  23,15.00674,13.41069,-1.59605,272.81982,281.1667,8.34688,2.67353,2.664486,-0.009044,0,4.599,4.599,-2.709
28-11-2020  00,14.65952,12.77972,-1.8798,273.18729,288.7333,15.54601,2.58909,2.855333,0.266243,0,4.504,4.504,-2.606
28-11-2020  01,14.31998,12.30611,-2.01387,272.84003,287.2444,14.40437,2.48751,2.568861,0.081351,0,4.622,4.622,-2.593
28-11-2020  02,14.34879,12.06028,-2.28851,279.31378,284.8486,5.53482,2.57371,2.377611,-0.196099,47.09908,4.82,-42.27908,-1.526
28-11-2020  03,15.85529,11.84486,-4.01043,290.85739,286.9264,-3.93099,2.90539,2.408375,-0.497015,236.76018,12.46,-224.30018,58.18
28-11-2020  04,18.24841,13.42667,-4.82174,300.61945,284.9319,-15.68755,3.3543,3.043805,-0.310495,423.65604,28.55,-395.10604,218.5
28-11-2020  05,20.8891,15.70708,-5.18202,306.45959,297.1236,-9.33599,3.19119,3.699069,0.507879,568.97028,43.69,-525.28028,390.6
28-11-2020  06,23.60837,18.75139,-4.85698,310.35919,297.3361,-13.02309,3.54644,3.731792,0.185352,652.34387,71.74,-580.60387,535.2
28-11-2020  07,25.59674,20.91708,-4.67966,313.20166,314.1056,0.90394,4.09646,4.18468,0.08822,670.72528,82.9,-587.82528,614.1
28-11-2020  08,26.61035,22.50486,-4.10549,321.67325,313.5236,-8.14965,5.23299,4.537541,-0.695449,620.41772,85,-535.41772,622.3
30-11-2020  09,26.41156,23.47319,-2.93837,305.05966,307.0236,1.96394,1.80474,2.833083,1.028343,0,69.36,69.36,483.4
30-11-2020  10,26.56012,24.10514,-2.45498,271.93188,299.6375,27.70562,2.83708,2.684361,-0.152719,311.17368,57.06,-254.11368,380.1
30-11-2020  11,26.09326,24.36666,-1.7266,279.36859,317.3139,37.94531,3.5048,2.787611,-0.717189,134.08237,38.61,-95.47237,230.2
30-11-2020  12,24.68152,24.02125,-0.66027,290.63232,304.8542,14.22188,2.77089,1.794083,-0.976807,0,17.06,17.06,75.88
30-11-2020  13,23.63663,22.61319,-1.02344,286.67621,304.7195,18.04329,1.79808,1.241194,-0.556886,0,7.425,7.425,4.59
30-11-2020  14,22.80096,20.97931,-1.82165,294.86377,299.3195,4.45573,1.2193,1.228083,0.008783,0,6.174,6.174,0.443
30-11-2020  15,22.02026,19.01377,-3.00649,282.72809,107.9481,-174.77999,0.66852,0.4278701,-0.2406499,0,4.867,4.867,1.033
30-11-2020  16,21.64612,19.03486,-2.61126,232.29831,127.625,-104.67331,0.54783,0.4808472,-0.0669828,0,5.176,5.176,0.865
30-11-2020  17,20.92877,18.01903,-2.90974,240.37207,199.0681,-41.30397,1.2428,0.487,-0.7558,0,4.856,4.856,0.323
30-11-2020  18,19.52374,16.47889,-3.04485,234.77231,271.0986,36.32629,1.44154,0.2962083,-1.1453317,0,4.298,4.298,0.589
30-11-2020  19,18.75638,16.20869,-2.54769,236.81689,229.1104,-7.70649,1.30697,0.3908361,-0.9161339,0,4.465,4.465,0.357
30-11-2020  20,18.2908,15.13005,-3.16075,235.96709,241.8534,5.88631,1.45559,0.3015399,-1.1540501,0,4.078,4.078,1.03
30-11-2020  21,17.7778,14.59389,-3.18391,243.52698,225.8611,-17.66588,1.66242,0.4879166,-1.1745034,0,3.804,3.804,0.937
30-11-2020  22,17.23276,14.1843,-3.04846,246.77043,273.325,26.55457,1.68462,0.6505417,-1.0340783,0,5.002,5.002,0.066
30-11-2020  23,16.74167,13.96889,-2.77278,246.57153,250.8,4.22847,1.59641,0.6322917,-0.9641183,0,4.403,4.403,0.442